#
# There is insufficient memory for the Java Runtime Environment to continue.
# Native memory allocation (mmap) failed to map 671088640 bytes for G1 virtual space
# Possible reasons:
#   The system is out of physical RAM or swap space
#   The process is running with CompressedOops enabled, and the Java Heap may be blocking the growth of the native heap
# Possible solutions:
#   Reduce memory load on the system
#   Increase physical memory or swap space
#   Check if swap backing store is full
#   Decrease Java heap size (-Xmx/-Xms)
#   Decrease number of Java threads
#   Decrease Java thread stack sizes (-Xss)
#   Set larger code cache with -XX:ReservedCodeCacheSize=
#   JVM is running with Zero Based Compressed Oops mode in which the Java heap is
#     placed in the first 32GB address space. The Java Heap base address is the
#     maximum limit for the native heap growth. Please use -XX:HeapBaseMinAddress
#     to set the Java Heap base and to place the Java Heap above 32GB virtual address.
# This output file may be truncated or incomplete.
#
#  Out of Memory Error (os_windows.cpp:3603), pid=23384, tid=19732
#
# JRE version: Java(TM) SE Runtime Environment (21.0.9+7) (build 21.0.9+7-LTS-338)
# Java VM: Java HotSpot(TM) 64-Bit Server VM (21.0.9+7-LTS-338, mixed mode, sharing, tiered, compressed oops, compressed class ptrs, g1 gc, windows-amd64)
# No core dump will be written. Minidumps are not enabled by default on client versions of Windows
#

---------------  S U M M A R Y ------------

Command Line: -javaagent:D:\IntelliJ IDEA 2025.2.3\lib\idea_rt.jar=37159 -Dfile.encoding=UTF-8 -Dsun.stdout.encoding=UTF-8 -Dsun.stderr.encoding=UTF-8 CGTest

Host: 11th Gen Intel(R) Core(TM) i5-1130G7 @ 1.10GHz, 8 cores, 15G,  Windows 11 , 64 bit Build 26100 (10.0.26100.7309)
Time: Mon Jan 12 13:04:51 2026 elapsed time: 19.577491 seconds (0d 0h 0m 19s)

---------------  T H R E A D  ---------------

Current thread (0x00000215ff059510):  VMThread "VM Thread"          [id=19732, stack(0x000000719c500000,0x000000719c600000) (1024K)]

Stack: [0x000000719c500000,0x000000719c600000]
Native frames: (J=compiled Java code, j=interpreted, Vv=VM code, C=native code)
V  [jvm.dll+0x6cbf89]
V  [jvm.dll+0x858421]
V  [jvm.dll+0x85a94e]
V  [jvm.dll+0x85b023]
V  [jvm.dll+0x27ebc6]
V  [jvm.dll+0x6c8705]
V  [jvm.dll+0x6bd26a]
V  [jvm.dll+0x354a0a]
V  [jvm.dll+0x35c686]
V  [jvm.dll+0x3af79e]
V  [jvm.dll+0x3afa48]
V  [jvm.dll+0x328d1c]
V  [jvm.dll+0x328da7]
V  [jvm.dll+0x36d6cc]
V  [jvm.dll+0x36bf1e]
V  [jvm.dll+0x3284e1]
V  [jvm.dll+0x36b63a]
V  [jvm.dll+0x860df0]
V  [jvm.dll+0x862174]
V  [jvm.dll+0x8626b0]
V  [jvm.dll+0x862953]
V  [jvm.dll+0x80265b]
V  [jvm.dll+0x6ca66d]
C  [ucrtbase.dll+0x37b0]
C  [KERNEL32.DLL+0x2e8d7]
C  [ntdll.dll+0x8c53c]

VM_Operation (0x000000719befeec0): G1CollectForAllocation, mode: safepoint, requested by thread 0x00000215f70b33b0


---------------  P R O C E S S  ---------------

Threads class SMR info:
_java_thread_list=0x00000215df602790, length=12, elements={
0x00000215f70b33b0, 0x00000215ff076f80, 0x00000215ff07a650, 0x00000215ff07f860,
0x00000215ff081850, 0x00000215ff0836b0, 0x00000215ff08c340, 0x00000215ff08e970,
0x00000215ff09c4c0, 0x0000021599714e00, 0x0000021599778f70, 0x000002159975c740
}

Java Threads: ( => current thread )
  0x00000215f70b33b0 JavaThread "main"                              [_thread_blocked, id=11492, stack(0x000000719be00000,0x000000719bf00000) (1024K)]
  0x00000215ff076f80 JavaThread "Reference Handler"          daemon [_thread_blocked, id=15140, stack(0x000000719c600000,0x000000719c700000) (1024K)]
  0x00000215ff07a650 JavaThread "Finalizer"                  daemon [_thread_blocked, id=19628, stack(0x000000719c700000,0x000000719c800000) (1024K)]
  0x00000215ff07f860 JavaThread "Signal Dispatcher"          daemon [_thread_blocked, id=20952, stack(0x000000719c800000,0x000000719c900000) (1024K)]
  0x00000215ff081850 JavaThread "Attach Listener"            daemon [_thread_blocked, id=1148, stack(0x000000719c900000,0x000000719ca00000) (1024K)]
  0x00000215ff0836b0 JavaThread "Service Thread"             daemon [_thread_blocked, id=20496, stack(0x000000719ca00000,0x000000719cb00000) (1024K)]
  0x00000215ff08c340 JavaThread "Monitor Deflation Thread"   daemon [_thread_blocked, id=15040, stack(0x000000719cb00000,0x000000719cc00000) (1024K)]
  0x00000215ff08e970 JavaThread "C2 CompilerThread0"         daemon [_thread_blocked, id=2296, stack(0x000000719cc00000,0x000000719cd00000) (1024K)]
  0x00000215ff09c4c0 JavaThread "C1 CompilerThread0"         daemon [_thread_blocked, id=2380, stack(0x000000719cd00000,0x000000719ce00000) (1024K)]
  0x0000021599714e00 JavaThread "Common-Cleaner"             daemon [_thread_blocked, id=18628, stack(0x000000719ce00000,0x000000719cf00000) (1024K)]
  0x0000021599778f70 JavaThread "Monitor Ctrl-Break"         daemon [_thread_in_native, id=22692, stack(0x000000719d000000,0x000000719d100000) (1024K)]
  0x000002159975c740 JavaThread "Notification Thread"        daemon [_thread_blocked, id=4212, stack(0x000000719d100000,0x000000719d200000) (1024K)]
Total: 12

Other Threads:
=>0x00000215ff059510 VMThread "VM Thread"                           [id=19732, stack(0x000000719c500000,0x000000719c600000) (1024K)]
  0x00000215ff045e70 WatcherThread "VM Periodic Task Thread"        [id=21320, stack(0x000000719c400000,0x000000719c500000) (1024K)]
  0x00000215f739eae0 WorkerThread "GC Thread#0"                     [id=19728, stack(0x000000719bf00000,0x000000719c000000) (1024K)]
  0x00000215df217240 WorkerThread "GC Thread#1"                     [id=13800, stack(0x000000719d300000,0x000000719d400000) (1024K)]
  0x00000215df2175f0 WorkerThread "GC Thread#2"                     [id=23276, stack(0x000000719d400000,0x000000719d500000) (1024K)]
  0x00000215dfa8b8d0 WorkerThread "GC Thread#3"                     [id=22848, stack(0x000000719d500000,0x000000719d600000) (1024K)]
  0x00000215dfa8c290 WorkerThread "GC Thread#4"                     [id=23080, stack(0x000000719d600000,0x000000719d700000) (1024K)]
  0x00000215dfa8c640 WorkerThread "GC Thread#5"                     [id=3324, stack(0x000000719d700000,0x000000719d800000) (1024K)]
  0x00000215df9054a0 WorkerThread "GC Thread#6"                     [id=19048, stack(0x000000719d800000,0x000000719d900000) (1024K)]
  0x00000215dfc07120 WorkerThread "GC Thread#7"                     [id=6760, stack(0x000000719d900000,0x000000719da00000) (1024K)]
  0x00000215f73b05e0 ConcurrentGCThread "G1 Main Marker"            [id=7688, stack(0x000000719c000000,0x000000719c100000) (1024K)]
  0x00000215f73b1890 WorkerThread "G1 Conc#0"                       [id=20616, stack(0x000000719c100000,0x000000719c200000) (1024K)]
  0x00000215fef166c0 ConcurrentGCThread "G1 Refine#0"               [id=23016, stack(0x000000719c200000,0x000000719c300000) (1024K)]
  0x00000215fef17240 ConcurrentGCThread "G1 Service"                [id=8452, stack(0x000000719c300000,0x000000719c400000) (1024K)]
Total: 14

Threads with active compile tasks:
C2 CompilerThread0    19620 3259 %     4       algoCG.BidLabeling::labelExpand @ 69 (488 bytes)
Total: 1

VM state: at safepoint (normal execution)

VM Mutex/Monitor currently owned by a thread:  ([mutex/lock_event])
[0x00007ff9aa6b0df0] Threads_lock - owner thread: 0x00000215ff059510
[0x00007ff9aa6b0ef0] Heap_lock - owner thread: 0x00000215f70b33b0

Heap address: 0x0000000703600000, size: 4042 MB, Compressed Oops mode: Zero based, Oop shift amount: 3

CDS archive(s) mapped at: [0x000002159a000000-0x000002159ac90000-0x000002159ac90000), size 13172736, SharedBaseAddress: 0x000002159a000000, ArchiveRelocationMode: 1.
Compressed class space mapped at: 0x000002159b000000-0x00000215db000000, reserved size: 1073741824
Narrow klass base: 0x000002159a000000, Narrow klass shift: 0, Narrow klass range: 0x100000000

GC Precious Log:
 CardTable entry size: 512
 Card Set container configuration: InlinePtr #cards 4 size 8 Array Of Cards #cards 16 size 48 Howl #buckets 8 coarsen threshold 3686 Howl Bitmap #cards 512 size 80 coarsen threshold 460 Card regions per heap region 1 cards per card region 4096
 CPUs: 8 total, 8 available
 Memory: 16167M
 Large Page Support: Disabled
 NUMA Support: Disabled
 Compressed Oops: Enabled (Zero based)
 Heap Region Size: 2M
 Heap Min Capacity: 8M
 Heap Initial Capacity: 254M
 Heap Max Capacity: 4042M
 Pre-touch: Disabled
 Parallel Workers: 8
 Concurrent Workers: 2
 Concurrent Refinement Workers: 8
 Periodic GC: Disabled

Heap:
 garbage-first heap   total 868352K, used 251578K [0x0000000703600000, 0x0000000800000000)
  region size 2048K, 3 young (6144K), 3 survivors (6144K)
 Metaspace       used 19058K, committed 19328K, reserved 1114112K
  class space    used 2133K, committed 2240K, reserved 1048576K

Heap Regions: E=young(eden), S=young(survivor), O=old, HS=humongous(starts), HC=humongous(continues), CS=collection set, F=free, TAMS=top-at-mark-start, PB=parsable bottom
|   0|0x0000000703600000, 0x0000000703800000, 0x0000000703800000|100%| O|  |TAMS 0x0000000703600000| PB 0x0000000703600000| Untracked 
|   1|0x0000000703800000, 0x0000000703a00000, 0x0000000703a00000|100%| O|  |TAMS 0x0000000703800000| PB 0x0000000703800000| Untracked 
|   2|0x0000000703a00000, 0x0000000703c00000, 0x0000000703c00000|100%| O|  |TAMS 0x0000000703a00000| PB 0x0000000703a00000| Untracked 
|   3|0x0000000703c00000, 0x0000000703e00000, 0x0000000703e00000|100%| O|  |TAMS 0x0000000703c00000| PB 0x0000000703c00000| Untracked 
|   4|0x0000000703e00000, 0x0000000704000000, 0x0000000704000000|100%| O|  |TAMS 0x0000000703e00000| PB 0x0000000703e00000| Untracked 
|   5|0x0000000704000000, 0x0000000704200000, 0x0000000704200000|100%| O|  |TAMS 0x0000000704000000| PB 0x0000000704000000| Untracked 
|   6|0x0000000704200000, 0x0000000704400000, 0x0000000704400000|100%| O|  |TAMS 0x0000000704200000| PB 0x0000000704200000| Untracked 
|   7|0x0000000704400000, 0x0000000704600000, 0x0000000704600000|100%| O|  |TAMS 0x0000000704400000| PB 0x0000000704400000| Untracked 
|   8|0x0000000704600000, 0x0000000704800000, 0x0000000704800000|100%| O|  |TAMS 0x0000000704600000| PB 0x0000000704600000| Untracked 
|   9|0x0000000704800000, 0x0000000704a00000, 0x0000000704a00000|100%| O|  |TAMS 0x0000000704800000| PB 0x0000000704800000| Untracked 
|  10|0x0000000704a00000, 0x0000000704c00000, 0x0000000704c00000|100%| O|  |TAMS 0x0000000704a00000| PB 0x0000000704a00000| Untracked 
|  11|0x0000000704c00000, 0x0000000704e00000, 0x0000000704e00000|100%| O|  |TAMS 0x0000000704c00000| PB 0x0000000704c00000| Untracked 
|  12|0x0000000704e00000, 0x0000000705000000, 0x0000000705000000|100%| O|  |TAMS 0x0000000704e00000| PB 0x0000000704e00000| Untracked 
|  13|0x0000000705000000, 0x0000000705200000, 0x0000000705200000|100%| O|  |TAMS 0x0000000705000000| PB 0x0000000705000000| Untracked 
|  14|0x0000000705200000, 0x0000000705400000, 0x0000000705400000|100%| O|  |TAMS 0x0000000705200000| PB 0x0000000705200000| Untracked 
|  15|0x0000000705400000, 0x0000000705600000, 0x0000000705600000|100%| O|  |TAMS 0x0000000705400000| PB 0x0000000705400000| Untracked 
|  16|0x0000000705600000, 0x0000000705800000, 0x0000000705800000|100%| O|  |TAMS 0x0000000705600000| PB 0x0000000705600000| Untracked 
|  17|0x0000000705800000, 0x0000000705a00000, 0x0000000705a00000|100%| O|  |TAMS 0x0000000705800000| PB 0x0000000705800000| Untracked 
|  18|0x0000000705a00000, 0x0000000705c00000, 0x0000000705c00000|100%| O|  |TAMS 0x0000000705a00000| PB 0x0000000705a00000| Untracked 
|  19|0x0000000705c00000, 0x0000000705e00000, 0x0000000705e00000|100%| O|  |TAMS 0x0000000705c00000| PB 0x0000000705c00000| Untracked 
|  20|0x0000000705e00000, 0x0000000706000000, 0x0000000706000000|100%| O|  |TAMS 0x0000000705e00000| PB 0x0000000705e00000| Untracked 
|  21|0x0000000706000000, 0x0000000706200000, 0x0000000706200000|100%| O|  |TAMS 0x0000000706000000| PB 0x0000000706000000| Untracked 
|  22|0x0000000706200000, 0x0000000706400000, 0x0000000706400000|100%| O|  |TAMS 0x0000000706200000| PB 0x0000000706200000| Untracked 
|  23|0x0000000706400000, 0x0000000706600000, 0x0000000706600000|100%| O|  |TAMS 0x0000000706400000| PB 0x0000000706400000| Untracked 
|  24|0x0000000706600000, 0x0000000706800000, 0x0000000706800000|100%| O|  |TAMS 0x0000000706600000| PB 0x0000000706600000| Untracked 
|  25|0x0000000706800000, 0x0000000706a00000, 0x0000000706a00000|100%| O|  |TAMS 0x0000000706800000| PB 0x0000000706800000| Untracked 
|  26|0x0000000706a00000, 0x0000000706c00000, 0x0000000706c00000|100%| O|  |TAMS 0x0000000706a00000| PB 0x0000000706a00000| Untracked 
|  27|0x0000000706c00000, 0x0000000706e00000, 0x0000000706e00000|100%| O|  |TAMS 0x0000000706c00000| PB 0x0000000706c00000| Untracked 
|  28|0x0000000706e00000, 0x0000000707000000, 0x0000000707000000|100%| O|  |TAMS 0x0000000706e00000| PB 0x0000000706e00000| Untracked 
|  29|0x0000000707000000, 0x0000000707200000, 0x0000000707200000|100%| O|  |TAMS 0x0000000707000000| PB 0x0000000707000000| Untracked 
|  30|0x0000000707200000, 0x0000000707400000, 0x0000000707400000|100%| O|  |TAMS 0x0000000707200000| PB 0x0000000707200000| Untracked 
|  31|0x0000000707400000, 0x0000000707600000, 0x0000000707600000|100%| O|  |TAMS 0x0000000707400000| PB 0x0000000707400000| Untracked 
|  32|0x0000000707600000, 0x0000000707800000, 0x0000000707800000|100%| O|  |TAMS 0x0000000707600000| PB 0x0000000707600000| Untracked 
|  33|0x0000000707800000, 0x0000000707a00000, 0x0000000707a00000|100%| O|  |TAMS 0x0000000707800000| PB 0x0000000707800000| Untracked 
|  34|0x0000000707a00000, 0x0000000707c00000, 0x0000000707c00000|100%| O|  |TAMS 0x0000000707a00000| PB 0x0000000707a00000| Untracked 
|  35|0x0000000707c00000, 0x0000000707e00000, 0x0000000707e00000|100%| O|  |TAMS 0x0000000707c00000| PB 0x0000000707c00000| Untracked 
|  36|0x0000000707e00000, 0x0000000708000000, 0x0000000708000000|100%| O|  |TAMS 0x0000000707e00000| PB 0x0000000707e00000| Untracked 
|  37|0x0000000708000000, 0x0000000708200000, 0x0000000708200000|100%| O|  |TAMS 0x0000000708000000| PB 0x0000000708000000| Untracked 
|  38|0x0000000708200000, 0x0000000708400000, 0x0000000708400000|100%| O|  |TAMS 0x0000000708200000| PB 0x0000000708200000| Untracked 
|  39|0x0000000708400000, 0x0000000708600000, 0x0000000708600000|100%| O|  |TAMS 0x0000000708400000| PB 0x0000000708400000| Untracked 
|  40|0x0000000708600000, 0x0000000708800000, 0x0000000708800000|100%| O|  |TAMS 0x0000000708600000| PB 0x0000000708600000| Untracked 
|  41|0x0000000708800000, 0x0000000708a00000, 0x0000000708a00000|100%| O|  |TAMS 0x0000000708800000| PB 0x0000000708800000| Untracked 
|  42|0x0000000708a00000, 0x0000000708c00000, 0x0000000708c00000|100%| O|  |TAMS 0x0000000708a00000| PB 0x0000000708a00000| Untracked 
|  43|0x0000000708c00000, 0x0000000708e00000, 0x0000000708e00000|100%| O|  |TAMS 0x0000000708c00000| PB 0x0000000708c00000| Untracked 
|  44|0x0000000708e00000, 0x0000000709000000, 0x0000000709000000|100%| O|  |TAMS 0x0000000708e00000| PB 0x0000000708e00000| Untracked 
|  45|0x0000000709000000, 0x0000000709200000, 0x0000000709200000|100%| O|  |TAMS 0x0000000709000000| PB 0x0000000709000000| Untracked 
|  46|0x0000000709200000, 0x0000000709400000, 0x0000000709400000|100%| O|  |TAMS 0x0000000709200000| PB 0x0000000709200000| Untracked 
|  47|0x0000000709400000, 0x0000000709600000, 0x0000000709600000|100%| O|  |TAMS 0x0000000709400000| PB 0x0000000709400000| Untracked 
|  48|0x0000000709600000, 0x0000000709800000, 0x0000000709800000|100%| O|  |TAMS 0x0000000709600000| PB 0x0000000709600000| Untracked 
|  49|0x0000000709800000, 0x0000000709a00000, 0x0000000709a00000|100%| O|  |TAMS 0x0000000709800000| PB 0x0000000709800000| Untracked 
|  50|0x0000000709a00000, 0x0000000709c00000, 0x0000000709c00000|100%| O|  |TAMS 0x0000000709a00000| PB 0x0000000709a00000| Untracked 
|  51|0x0000000709c00000, 0x0000000709e00000, 0x0000000709e00000|100%| O|  |TAMS 0x0000000709c00000| PB 0x0000000709c00000| Untracked 
|  52|0x0000000709e00000, 0x000000070a000000, 0x000000070a000000|100%| O|  |TAMS 0x0000000709e00000| PB 0x0000000709e00000| Untracked 
|  53|0x000000070a000000, 0x000000070a200000, 0x000000070a200000|100%| O|  |TAMS 0x000000070a000000| PB 0x000000070a000000| Untracked 
|  54|0x000000070a200000, 0x000000070a400000, 0x000000070a400000|100%| O|  |TAMS 0x000000070a200000| PB 0x000000070a200000| Untracked 
|  55|0x000000070a400000, 0x000000070a600000, 0x000000070a600000|100%| O|  |TAMS 0x000000070a400000| PB 0x000000070a400000| Untracked 
|  56|0x000000070a600000, 0x000000070a800000, 0x000000070a800000|100%| O|  |TAMS 0x000000070a600000| PB 0x000000070a600000| Untracked 
|  57|0x000000070a800000, 0x000000070aa00000, 0x000000070aa00000|100%| O|  |TAMS 0x000000070a800000| PB 0x000000070a800000| Untracked 
|  58|0x000000070aa00000, 0x000000070ac00000, 0x000000070ac00000|100%| O|  |TAMS 0x000000070aa00000| PB 0x000000070aa00000| Untracked 
|  59|0x000000070ac00000, 0x000000070ae00000, 0x000000070ae00000|100%| O|  |TAMS 0x000000070ac00000| PB 0x000000070ac00000| Untracked 
|  60|0x000000070ae00000, 0x000000070b000000, 0x000000070b000000|100%| O|  |TAMS 0x000000070ae00000| PB 0x000000070ae00000| Untracked 
|  61|0x000000070b000000, 0x000000070b200000, 0x000000070b200000|100%| O|  |TAMS 0x000000070b000000| PB 0x000000070b000000| Untracked 
|  62|0x000000070b200000, 0x000000070b400000, 0x000000070b400000|100%| O|  |TAMS 0x000000070b200000| PB 0x000000070b200000| Untracked 
|  63|0x000000070b400000, 0x000000070b600000, 0x000000070b600000|100%| O|  |TAMS 0x000000070b400000| PB 0x000000070b400000| Untracked 
|  64|0x000000070b600000, 0x000000070b800000, 0x000000070b800000|100%| O|  |TAMS 0x000000070b600000| PB 0x000000070b600000| Untracked 
|  65|0x000000070b800000, 0x000000070ba00000, 0x000000070ba00000|100%| O|  |TAMS 0x000000070b800000| PB 0x000000070b800000| Untracked 
|  66|0x000000070ba00000, 0x000000070bc00000, 0x000000070bc00000|100%| O|  |TAMS 0x000000070ba00000| PB 0x000000070ba00000| Untracked 
|  67|0x000000070bc00000, 0x000000070be00000, 0x000000070be00000|100%| O|  |TAMS 0x000000070bc00000| PB 0x000000070bc00000| Untracked 
|  68|0x000000070be00000, 0x000000070c000000, 0x000000070c000000|100%| O|  |TAMS 0x000000070be00000| PB 0x000000070be00000| Untracked 
|  69|0x000000070c000000, 0x000000070c200000, 0x000000070c200000|100%| O|  |TAMS 0x000000070c000000| PB 0x000000070c000000| Untracked 
|  70|0x000000070c200000, 0x000000070c400000, 0x000000070c400000|100%| O|  |TAMS 0x000000070c200000| PB 0x000000070c200000| Untracked 
|  71|0x000000070c400000, 0x000000070c600000, 0x000000070c600000|100%| O|  |TAMS 0x000000070c400000| PB 0x000000070c400000| Untracked 
|  72|0x000000070c600000, 0x000000070c800000, 0x000000070c800000|100%| O|  |TAMS 0x000000070c600000| PB 0x000000070c600000| Untracked 
|  73|0x000000070c800000, 0x000000070ca00000, 0x000000070ca00000|100%| O|  |TAMS 0x000000070c800000| PB 0x000000070c800000| Untracked 
|  74|0x000000070ca00000, 0x000000070cc00000, 0x000000070cc00000|100%| O|  |TAMS 0x000000070ca00000| PB 0x000000070ca00000| Untracked 
|  75|0x000000070cc00000, 0x000000070ce00000, 0x000000070ce00000|100%| O|  |TAMS 0x000000070cc00000| PB 0x000000070cc00000| Untracked 
|  76|0x000000070ce00000, 0x000000070d000000, 0x000000070d000000|100%| O|  |TAMS 0x000000070ce00000| PB 0x000000070ce00000| Untracked 
|  77|0x000000070d000000, 0x000000070d200000, 0x000000070d200000|100%| O|  |TAMS 0x000000070d000000| PB 0x000000070d000000| Untracked 
|  78|0x000000070d200000, 0x000000070d400000, 0x000000070d400000|100%| O|  |TAMS 0x000000070d200000| PB 0x000000070d200000| Untracked 
|  79|0x000000070d400000, 0x000000070d600000, 0x000000070d600000|100%| O|  |TAMS 0x000000070d400000| PB 0x000000070d400000| Untracked 
|  80|0x000000070d600000, 0x000000070d800000, 0x000000070d800000|100%| O|  |TAMS 0x000000070d600000| PB 0x000000070d600000| Untracked 
|  81|0x000000070d800000, 0x000000070da00000, 0x000000070da00000|100%| O|  |TAMS 0x000000070d800000| PB 0x000000070d800000| Untracked 
|  82|0x000000070da00000, 0x000000070dc00000, 0x000000070dc00000|100%| O|  |TAMS 0x000000070da00000| PB 0x000000070da00000| Untracked 
|  83|0x000000070dc00000, 0x000000070de00000, 0x000000070de00000|100%| O|  |TAMS 0x000000070dc00000| PB 0x000000070dc00000| Untracked 
|  84|0x000000070de00000, 0x000000070e000000, 0x000000070e000000|100%| O|  |TAMS 0x000000070de00000| PB 0x000000070de00000| Untracked 
|  85|0x000000070e000000, 0x000000070e200000, 0x000000070e200000|100%| O|  |TAMS 0x000000070e000000| PB 0x000000070e000000| Untracked 
|  86|0x000000070e200000, 0x000000070e400000, 0x000000070e400000|100%| O|  |TAMS 0x000000070e200000| PB 0x000000070e200000| Untracked 
|  87|0x000000070e400000, 0x000000070e600000, 0x000000070e600000|100%| O|  |TAMS 0x000000070e400000| PB 0x000000070e400000| Untracked 
|  88|0x000000070e600000, 0x000000070e800000, 0x000000070e800000|100%| O|  |TAMS 0x000000070e600000| PB 0x000000070e600000| Untracked 
|  89|0x000000070e800000, 0x000000070ea00000, 0x000000070ea00000|100%| O|  |TAMS 0x000000070e800000| PB 0x000000070e800000| Untracked 
|  90|0x000000070ea00000, 0x000000070ec00000, 0x000000070ec00000|100%| O|  |TAMS 0x000000070ea00000| PB 0x000000070ea00000| Untracked 
|  91|0x000000070ec00000, 0x000000070ee00000, 0x000000070ee00000|100%| O|  |TAMS 0x000000070ec00000| PB 0x000000070ec00000| Untracked 
|  92|0x000000070ee00000, 0x000000070f000000, 0x000000070f000000|100%| O|  |TAMS 0x000000070ee00000| PB 0x000000070ee00000| Untracked 
|  93|0x000000070f000000, 0x000000070f200000, 0x000000070f200000|100%| O|  |TAMS 0x000000070f000000| PB 0x000000070f000000| Untracked 
|  94|0x000000070f200000, 0x000000070f400000, 0x000000070f400000|100%| O|  |TAMS 0x000000070f200000| PB 0x000000070f200000| Untracked 
|  95|0x000000070f400000, 0x000000070f600000, 0x000000070f600000|100%| O|  |TAMS 0x000000070f400000| PB 0x000000070f400000| Untracked 
|  96|0x000000070f600000, 0x000000070f800000, 0x000000070f800000|100%| O|  |TAMS 0x000000070f600000| PB 0x000000070f600000| Untracked 
|  97|0x000000070f800000, 0x000000070fa00000, 0x000000070fa00000|100%| O|  |TAMS 0x000000070f800000| PB 0x000000070f800000| Untracked 
|  98|0x000000070fa00000, 0x000000070fc00000, 0x000000070fc00000|100%| O|  |TAMS 0x000000070fa00000| PB 0x000000070fa00000| Untracked 
|  99|0x000000070fc00000, 0x000000070fe00000, 0x000000070fe00000|100%| O|  |TAMS 0x000000070fc00000| PB 0x000000070fc00000| Untracked 
| 100|0x000000070fe00000, 0x0000000710000000, 0x0000000710000000|100%| O|  |TAMS 0x000000070fe00000| PB 0x000000070fe00000| Untracked 
| 101|0x0000000710000000, 0x0000000710200000, 0x0000000710200000|100%| O|  |TAMS 0x0000000710000000| PB 0x0000000710000000| Untracked 
| 102|0x0000000710200000, 0x0000000710400000, 0x0000000710400000|100%| O|  |TAMS 0x0000000710200000| PB 0x0000000710200000| Untracked 
| 103|0x0000000710400000, 0x0000000710600000, 0x0000000710600000|100%| O|  |TAMS 0x0000000710400000| PB 0x0000000710400000| Untracked 
| 104|0x0000000710600000, 0x0000000710800000, 0x0000000710800000|100%| O|  |TAMS 0x0000000710600000| PB 0x0000000710600000| Untracked 
| 105|0x0000000710800000, 0x0000000710a00000, 0x0000000710a00000|100%| O|  |TAMS 0x0000000710800000| PB 0x0000000710800000| Untracked 
| 106|0x0000000710a00000, 0x0000000710c00000, 0x0000000710c00000|100%| O|  |TAMS 0x0000000710a00000| PB 0x0000000710a00000| Untracked 
| 107|0x0000000710c00000, 0x0000000710e00000, 0x0000000710e00000|100%| O|  |TAMS 0x0000000710c00000| PB 0x0000000710c00000| Untracked 
| 108|0x0000000710e00000, 0x0000000711000000, 0x0000000711000000|100%| O|  |TAMS 0x0000000710e00000| PB 0x0000000710e00000| Untracked 
| 109|0x0000000711000000, 0x0000000711200000, 0x0000000711200000|100%| O|  |TAMS 0x0000000711000000| PB 0x0000000711000000| Untracked 
| 110|0x0000000711200000, 0x0000000711400000, 0x0000000711400000|100%| O|  |TAMS 0x0000000711200000| PB 0x0000000711200000| Untracked 
| 111|0x0000000711400000, 0x0000000711600000, 0x0000000711600000|100%| O|  |TAMS 0x0000000711400000| PB 0x0000000711400000| Untracked 
| 112|0x0000000711600000, 0x0000000711800000, 0x0000000711800000|100%| O|  |TAMS 0x0000000711600000| PB 0x0000000711600000| Untracked 
| 113|0x0000000711800000, 0x0000000711a00000, 0x0000000711a00000|100%| O|  |TAMS 0x0000000711800000| PB 0x0000000711800000| Untracked 
| 114|0x0000000711a00000, 0x0000000711c00000, 0x0000000711c00000|100%| O|  |TAMS 0x0000000711a00000| PB 0x0000000711a00000| Untracked 
| 115|0x0000000711c00000, 0x0000000711e00000, 0x0000000711e00000|100%| O|  |TAMS 0x0000000711c00000| PB 0x0000000711c00000| Untracked 
| 116|0x0000000711e00000, 0x0000000712000000, 0x0000000712000000|100%| O|  |TAMS 0x0000000711e00000| PB 0x0000000711e00000| Untracked 
| 117|0x0000000712000000, 0x0000000712200000, 0x0000000712200000|100%| O|  |TAMS 0x0000000712000000| PB 0x0000000712000000| Untracked 
| 118|0x0000000712200000, 0x0000000712400000, 0x0000000712400000|100%| O|  |TAMS 0x0000000712200000| PB 0x0000000712200000| Untracked 
| 119|0x0000000712400000, 0x0000000712600000, 0x0000000712600000|100%| O|  |TAMS 0x0000000712400000| PB 0x0000000712400000| Untracked 
| 120|0x0000000712600000, 0x0000000712600000, 0x0000000712800000|  0%| F|  |TAMS 0x0000000712600000| PB 0x0000000712600000| Untracked 
| 121|0x0000000712800000, 0x0000000712800000, 0x0000000712a00000|  0%| F|  |TAMS 0x0000000712800000| PB 0x0000000712800000| Untracked 
| 122|0x0000000712a00000, 0x0000000712a00000, 0x0000000712c00000|  0%| F|  |TAMS 0x0000000712a00000| PB 0x0000000712a00000| Untracked 
| 123|0x0000000712c00000, 0x0000000712c00000, 0x0000000712e00000|  0%| F|  |TAMS 0x0000000712c00000| PB 0x0000000712c00000| Untracked 
| 124|0x0000000712e00000, 0x0000000712e00000, 0x0000000713000000|  0%| F|  |TAMS 0x0000000712e00000| PB 0x0000000712e00000| Untracked 
| 125|0x0000000713000000, 0x0000000713000000, 0x0000000713200000|  0%| F|  |TAMS 0x0000000713000000| PB 0x0000000713000000| Untracked 
| 126|0x0000000713200000, 0x0000000713200000, 0x0000000713400000|  0%| F|  |TAMS 0x0000000713200000| PB 0x0000000713200000| Untracked 
| 127|0x0000000713400000, 0x0000000713400000, 0x0000000713600000|  0%| F|  |TAMS 0x0000000713400000| PB 0x0000000713400000| Untracked 
| 128|0x0000000713600000, 0x0000000713600000, 0x0000000713800000|  0%| F|  |TAMS 0x0000000713600000| PB 0x0000000713600000| Untracked 
| 129|0x0000000713800000, 0x0000000713800000, 0x0000000713a00000|  0%| F|  |TAMS 0x0000000713800000| PB 0x0000000713800000| Untracked 
| 130|0x0000000713a00000, 0x0000000713a00000, 0x0000000713c00000|  0%| F|  |TAMS 0x0000000713a00000| PB 0x0000000713a00000| Untracked 
| 131|0x0000000713c00000, 0x0000000713c00000, 0x0000000713e00000|  0%| F|  |TAMS 0x0000000713c00000| PB 0x0000000713c00000| Untracked 
| 132|0x0000000713e00000, 0x0000000713e00000, 0x0000000714000000|  0%| F|  |TAMS 0x0000000713e00000| PB 0x0000000713e00000| Untracked 
| 133|0x0000000714000000, 0x0000000714000000, 0x0000000714200000|  0%| F|  |TAMS 0x0000000714000000| PB 0x0000000714000000| Untracked 
| 134|0x0000000714200000, 0x0000000714200000, 0x0000000714400000|  0%| F|  |TAMS 0x0000000714200000| PB 0x0000000714200000| Untracked 
| 135|0x0000000714400000, 0x0000000714400000, 0x0000000714600000|  0%| F|  |TAMS 0x0000000714400000| PB 0x0000000714400000| Untracked 
| 136|0x0000000714600000, 0x0000000714600000, 0x0000000714800000|  0%| F|  |TAMS 0x0000000714600000| PB 0x0000000714600000| Untracked 
| 137|0x0000000714800000, 0x0000000714800000, 0x0000000714a00000|  0%| F|  |TAMS 0x0000000714800000| PB 0x0000000714800000| Untracked 
| 138|0x0000000714a00000, 0x0000000714a00000, 0x0000000714c00000|  0%| F|  |TAMS 0x0000000714a00000| PB 0x0000000714a00000| Untracked 
| 139|0x0000000714c00000, 0x0000000714c00000, 0x0000000714e00000|  0%| F|  |TAMS 0x0000000714c00000| PB 0x0000000714c00000| Untracked 
| 140|0x0000000714e00000, 0x0000000714e00000, 0x0000000715000000|  0%| F|  |TAMS 0x0000000714e00000| PB 0x0000000714e00000| Untracked 
| 141|0x0000000715000000, 0x0000000715000000, 0x0000000715200000|  0%| F|  |TAMS 0x0000000715000000| PB 0x0000000715000000| Untracked 
| 142|0x0000000715200000, 0x0000000715200000, 0x0000000715400000|  0%| F|  |TAMS 0x0000000715200000| PB 0x0000000715200000| Untracked 
| 143|0x0000000715400000, 0x0000000715400000, 0x0000000715600000|  0%| F|  |TAMS 0x0000000715400000| PB 0x0000000715400000| Untracked 
| 144|0x0000000715600000, 0x0000000715600000, 0x0000000715800000|  0%| F|  |TAMS 0x0000000715600000| PB 0x0000000715600000| Untracked 
| 145|0x0000000715800000, 0x0000000715800000, 0x0000000715a00000|  0%| F|  |TAMS 0x0000000715800000| PB 0x0000000715800000| Untracked 
| 146|0x0000000715a00000, 0x0000000715a00000, 0x0000000715c00000|  0%| F|  |TAMS 0x0000000715a00000| PB 0x0000000715a00000| Untracked 
| 147|0x0000000715c00000, 0x0000000715c00000, 0x0000000715e00000|  0%| F|  |TAMS 0x0000000715c00000| PB 0x0000000715c00000| Untracked 
| 148|0x0000000715e00000, 0x0000000715e00000, 0x0000000716000000|  0%| F|  |TAMS 0x0000000715e00000| PB 0x0000000715e00000| Untracked 
| 149|0x0000000716000000, 0x0000000716000000, 0x0000000716200000|  0%| F|  |TAMS 0x0000000716000000| PB 0x0000000716000000| Untracked 
| 150|0x0000000716200000, 0x0000000716200000, 0x0000000716400000|  0%| F|  |TAMS 0x0000000716200000| PB 0x0000000716200000| Untracked 
| 151|0x0000000716400000, 0x0000000716400000, 0x0000000716600000|  0%| F|  |TAMS 0x0000000716400000| PB 0x0000000716400000| Untracked 
| 152|0x0000000716600000, 0x0000000716600000, 0x0000000716800000|  0%| F|  |TAMS 0x0000000716600000| PB 0x0000000716600000| Untracked 
| 153|0x0000000716800000, 0x0000000716800000, 0x0000000716a00000|  0%| F|  |TAMS 0x0000000716800000| PB 0x0000000716800000| Untracked 
| 154|0x0000000716a00000, 0x0000000716a00000, 0x0000000716c00000|  0%| F|  |TAMS 0x0000000716a00000| PB 0x0000000716a00000| Untracked 
| 155|0x0000000716c00000, 0x0000000716c00000, 0x0000000716e00000|  0%| F|  |TAMS 0x0000000716c00000| PB 0x0000000716c00000| Untracked 
| 156|0x0000000716e00000, 0x0000000716e00000, 0x0000000717000000|  0%| F|  |TAMS 0x0000000716e00000| PB 0x0000000716e00000| Untracked 
| 157|0x0000000717000000, 0x0000000717000000, 0x0000000717200000|  0%| F|  |TAMS 0x0000000717000000| PB 0x0000000717000000| Untracked 
| 158|0x0000000717200000, 0x0000000717200000, 0x0000000717400000|  0%| F|  |TAMS 0x0000000717200000| PB 0x0000000717200000| Untracked 
| 159|0x0000000717400000, 0x0000000717400000, 0x0000000717600000|  0%| F|  |TAMS 0x0000000717400000| PB 0x0000000717400000| Untracked 
| 160|0x0000000717600000, 0x0000000717600000, 0x0000000717800000|  0%| F|  |TAMS 0x0000000717600000| PB 0x0000000717600000| Untracked 
| 161|0x0000000717800000, 0x0000000717800000, 0x0000000717a00000|  0%| F|  |TAMS 0x0000000717800000| PB 0x0000000717800000| Untracked 
| 162|0x0000000717a00000, 0x0000000717a00000, 0x0000000717c00000|  0%| F|  |TAMS 0x0000000717a00000| PB 0x0000000717a00000| Untracked 
| 163|0x0000000717c00000, 0x0000000717c00000, 0x0000000717e00000|  0%| F|  |TAMS 0x0000000717c00000| PB 0x0000000717c00000| Untracked 
| 164|0x0000000717e00000, 0x0000000717e00000, 0x0000000718000000|  0%| F|  |TAMS 0x0000000717e00000| PB 0x0000000717e00000| Untracked 
| 165|0x0000000718000000, 0x0000000718000000, 0x0000000718200000|  0%| F|  |TAMS 0x0000000718000000| PB 0x0000000718000000| Untracked 
| 166|0x0000000718200000, 0x0000000718200000, 0x0000000718400000|  0%| F|  |TAMS 0x0000000718200000| PB 0x0000000718200000| Untracked 
| 167|0x0000000718400000, 0x0000000718400000, 0x0000000718600000|  0%| F|  |TAMS 0x0000000718400000| PB 0x0000000718400000| Untracked 
| 168|0x0000000718600000, 0x0000000718600000, 0x0000000718800000|  0%| F|  |TAMS 0x0000000718600000| PB 0x0000000718600000| Untracked 
| 169|0x0000000718800000, 0x0000000718800000, 0x0000000718a00000|  0%| F|  |TAMS 0x0000000718800000| PB 0x0000000718800000| Untracked 
| 170|0x0000000718a00000, 0x0000000718a00000, 0x0000000718c00000|  0%| F|  |TAMS 0x0000000718a00000| PB 0x0000000718a00000| Untracked 
| 171|0x0000000718c00000, 0x0000000718c00000, 0x0000000718e00000|  0%| F|  |TAMS 0x0000000718c00000| PB 0x0000000718c00000| Untracked 
| 172|0x0000000718e00000, 0x0000000718e00000, 0x0000000719000000|  0%| F|  |TAMS 0x0000000718e00000| PB 0x0000000718e00000| Untracked 
| 173|0x0000000719000000, 0x0000000719000000, 0x0000000719200000|  0%| F|  |TAMS 0x0000000719000000| PB 0x0000000719000000| Untracked 
| 174|0x0000000719200000, 0x0000000719200000, 0x0000000719400000|  0%| F|  |TAMS 0x0000000719200000| PB 0x0000000719200000| Untracked 
| 175|0x0000000719400000, 0x0000000719400000, 0x0000000719600000|  0%| F|  |TAMS 0x0000000719400000| PB 0x0000000719400000| Untracked 
| 176|0x0000000719600000, 0x0000000719600000, 0x0000000719800000|  0%| F|  |TAMS 0x0000000719600000| PB 0x0000000719600000| Untracked 
| 177|0x0000000719800000, 0x0000000719800000, 0x0000000719a00000|  0%| F|  |TAMS 0x0000000719800000| PB 0x0000000719800000| Untracked 
| 178|0x0000000719a00000, 0x0000000719a00000, 0x0000000719c00000|  0%| F|  |TAMS 0x0000000719a00000| PB 0x0000000719a00000| Untracked 
| 179|0x0000000719c00000, 0x0000000719c00000, 0x0000000719e00000|  0%| F|  |TAMS 0x0000000719c00000| PB 0x0000000719c00000| Untracked 
| 180|0x0000000719e00000, 0x0000000719e00000, 0x000000071a000000|  0%| F|  |TAMS 0x0000000719e00000| PB 0x0000000719e00000| Untracked 
| 181|0x000000071a000000, 0x000000071a000000, 0x000000071a200000|  0%| F|  |TAMS 0x000000071a000000| PB 0x000000071a000000| Untracked 
| 182|0x000000071a200000, 0x000000071a200000, 0x000000071a400000|  0%| F|  |TAMS 0x000000071a200000| PB 0x000000071a200000| Untracked 
| 183|0x000000071a400000, 0x000000071a400000, 0x000000071a600000|  0%| F|  |TAMS 0x000000071a400000| PB 0x000000071a400000| Untracked 
| 184|0x000000071a600000, 0x000000071a600000, 0x000000071a800000|  0%| F|  |TAMS 0x000000071a600000| PB 0x000000071a600000| Untracked 
| 185|0x000000071a800000, 0x000000071a800000, 0x000000071aa00000|  0%| F|  |TAMS 0x000000071a800000| PB 0x000000071a800000| Untracked 
| 186|0x000000071aa00000, 0x000000071aa00000, 0x000000071ac00000|  0%| F|  |TAMS 0x000000071aa00000| PB 0x000000071aa00000| Untracked 
| 187|0x000000071ac00000, 0x000000071ac00000, 0x000000071ae00000|  0%| F|  |TAMS 0x000000071ac00000| PB 0x000000071ac00000| Untracked 
| 188|0x000000071ae00000, 0x000000071ae00000, 0x000000071b000000|  0%| F|  |TAMS 0x000000071ae00000| PB 0x000000071ae00000| Untracked 
| 189|0x000000071b000000, 0x000000071b000000, 0x000000071b200000|  0%| F|  |TAMS 0x000000071b000000| PB 0x000000071b000000| Untracked 
| 190|0x000000071b200000, 0x000000071b200000, 0x000000071b400000|  0%| F|  |TAMS 0x000000071b200000| PB 0x000000071b200000| Untracked 
| 191|0x000000071b400000, 0x000000071b400000, 0x000000071b600000|  0%| F|  |TAMS 0x000000071b400000| PB 0x000000071b400000| Untracked 
| 192|0x000000071b600000, 0x000000071b600000, 0x000000071b800000|  0%| F|  |TAMS 0x000000071b600000| PB 0x000000071b600000| Untracked 
| 193|0x000000071b800000, 0x000000071b800000, 0x000000071ba00000|  0%| F|  |TAMS 0x000000071b800000| PB 0x000000071b800000| Untracked 
| 194|0x000000071ba00000, 0x000000071ba00000, 0x000000071bc00000|  0%| F|  |TAMS 0x000000071ba00000| PB 0x000000071ba00000| Untracked 
| 195|0x000000071bc00000, 0x000000071bc00000, 0x000000071be00000|  0%| F|  |TAMS 0x000000071bc00000| PB 0x000000071bc00000| Untracked 
| 196|0x000000071be00000, 0x000000071be00000, 0x000000071c000000|  0%| F|  |TAMS 0x000000071be00000| PB 0x000000071be00000| Untracked 
| 197|0x000000071c000000, 0x000000071c000000, 0x000000071c200000|  0%| F|  |TAMS 0x000000071c000000| PB 0x000000071c000000| Untracked 
| 198|0x000000071c200000, 0x000000071c200000, 0x000000071c400000|  0%| F|  |TAMS 0x000000071c200000| PB 0x000000071c200000| Untracked 
| 199|0x000000071c400000, 0x000000071c400000, 0x000000071c600000|  0%| F|  |TAMS 0x000000071c400000| PB 0x000000071c400000| Untracked 
| 200|0x000000071c600000, 0x000000071c600000, 0x000000071c800000|  0%| F|  |TAMS 0x000000071c600000| PB 0x000000071c600000| Untracked 
| 201|0x000000071c800000, 0x000000071c800000, 0x000000071ca00000|  0%| F|  |TAMS 0x000000071c800000| PB 0x000000071c800000| Untracked 
| 202|0x000000071ca00000, 0x000000071ca00000, 0x000000071cc00000|  0%| F|  |TAMS 0x000000071ca00000| PB 0x000000071ca00000| Untracked 
| 203|0x000000071cc00000, 0x000000071cc00000, 0x000000071ce00000|  0%| F|  |TAMS 0x000000071cc00000| PB 0x000000071cc00000| Untracked 
| 204|0x000000071ce00000, 0x000000071ce00000, 0x000000071d000000|  0%| F|  |TAMS 0x000000071ce00000| PB 0x000000071ce00000| Untracked 
| 205|0x000000071d000000, 0x000000071d000000, 0x000000071d200000|  0%| F|  |TAMS 0x000000071d000000| PB 0x000000071d000000| Untracked 
| 206|0x000000071d200000, 0x000000071d200000, 0x000000071d400000|  0%| F|  |TAMS 0x000000071d200000| PB 0x000000071d200000| Untracked 
| 207|0x000000071d400000, 0x000000071d400000, 0x000000071d600000|  0%| F|  |TAMS 0x000000071d400000| PB 0x000000071d400000| Untracked 
| 208|0x000000071d600000, 0x000000071d600000, 0x000000071d800000|  0%| F|  |TAMS 0x000000071d600000| PB 0x000000071d600000| Untracked 
| 209|0x000000071d800000, 0x000000071d800000, 0x000000071da00000|  0%| F|  |TAMS 0x000000071d800000| PB 0x000000071d800000| Untracked 
| 210|0x000000071da00000, 0x000000071da00000, 0x000000071dc00000|  0%| F|  |TAMS 0x000000071da00000| PB 0x000000071da00000| Untracked 
| 211|0x000000071dc00000, 0x000000071dc00000, 0x000000071de00000|  0%| F|  |TAMS 0x000000071dc00000| PB 0x000000071dc00000| Untracked 
| 212|0x000000071de00000, 0x000000071de00000, 0x000000071e000000|  0%| F|  |TAMS 0x000000071de00000| PB 0x000000071de00000| Untracked 
| 213|0x000000071e000000, 0x000000071e000000, 0x000000071e200000|  0%| F|  |TAMS 0x000000071e000000| PB 0x000000071e000000| Untracked 
| 214|0x000000071e200000, 0x000000071e200000, 0x000000071e400000|  0%| F|  |TAMS 0x000000071e200000| PB 0x000000071e200000| Untracked 
| 215|0x000000071e400000, 0x000000071e400000, 0x000000071e600000|  0%| F|  |TAMS 0x000000071e400000| PB 0x000000071e400000| Untracked 
| 216|0x000000071e600000, 0x000000071e600000, 0x000000071e800000|  0%| F|  |TAMS 0x000000071e600000| PB 0x000000071e600000| Untracked 
| 217|0x000000071e800000, 0x000000071e800000, 0x000000071ea00000|  0%| F|  |TAMS 0x000000071e800000| PB 0x000000071e800000| Untracked 
| 218|0x000000071ea00000, 0x000000071ea00000, 0x000000071ec00000|  0%| F|  |TAMS 0x000000071ea00000| PB 0x000000071ea00000| Untracked 
| 219|0x000000071ec00000, 0x000000071ec00000, 0x000000071ee00000|  0%| F|  |TAMS 0x000000071ec00000| PB 0x000000071ec00000| Untracked 
| 220|0x000000071ee00000, 0x000000071ee00000, 0x000000071f000000|  0%| F|  |TAMS 0x000000071ee00000| PB 0x000000071ee00000| Untracked 
| 221|0x000000071f000000, 0x000000071f000000, 0x000000071f200000|  0%| F|  |TAMS 0x000000071f000000| PB 0x000000071f000000| Untracked 
| 222|0x000000071f200000, 0x000000071f200000, 0x000000071f400000|  0%| F|  |TAMS 0x000000071f200000| PB 0x000000071f200000| Untracked 
| 223|0x000000071f400000, 0x000000071f400000, 0x000000071f600000|  0%| F|  |TAMS 0x000000071f400000| PB 0x000000071f400000| Untracked 
| 224|0x000000071f600000, 0x000000071f600000, 0x000000071f800000|  0%| F|  |TAMS 0x000000071f600000| PB 0x000000071f600000| Untracked 
| 225|0x000000071f800000, 0x000000071f800000, 0x000000071fa00000|  0%| F|  |TAMS 0x000000071f800000| PB 0x000000071f800000| Untracked 
| 226|0x000000071fa00000, 0x000000071fa00000, 0x000000071fc00000|  0%| F|  |TAMS 0x000000071fa00000| PB 0x000000071fa00000| Untracked 
| 227|0x000000071fc00000, 0x000000071fc00000, 0x000000071fe00000|  0%| F|  |TAMS 0x000000071fc00000| PB 0x000000071fc00000| Untracked 
| 228|0x000000071fe00000, 0x000000071fe00000, 0x0000000720000000|  0%| F|  |TAMS 0x000000071fe00000| PB 0x000000071fe00000| Untracked 
| 229|0x0000000720000000, 0x0000000720000000, 0x0000000720200000|  0%| F|  |TAMS 0x0000000720000000| PB 0x0000000720000000| Untracked 
| 230|0x0000000720200000, 0x0000000720200000, 0x0000000720400000|  0%| F|  |TAMS 0x0000000720200000| PB 0x0000000720200000| Untracked 
| 231|0x0000000720400000, 0x0000000720400000, 0x0000000720600000|  0%| F|  |TAMS 0x0000000720400000| PB 0x0000000720400000| Untracked 
| 232|0x0000000720600000, 0x0000000720600000, 0x0000000720800000|  0%| F|  |TAMS 0x0000000720600000| PB 0x0000000720600000| Untracked 
| 233|0x0000000720800000, 0x0000000720800000, 0x0000000720a00000|  0%| F|  |TAMS 0x0000000720800000| PB 0x0000000720800000| Untracked 
| 234|0x0000000720a00000, 0x0000000720a00000, 0x0000000720c00000|  0%| F|  |TAMS 0x0000000720a00000| PB 0x0000000720a00000| Untracked 
| 235|0x0000000720c00000, 0x0000000720c00000, 0x0000000720e00000|  0%| F|  |TAMS 0x0000000720c00000| PB 0x0000000720c00000| Untracked 
| 236|0x0000000720e00000, 0x0000000720e00000, 0x0000000721000000|  0%| F|  |TAMS 0x0000000720e00000| PB 0x0000000720e00000| Untracked 
| 237|0x0000000721000000, 0x0000000721000000, 0x0000000721200000|  0%| F|  |TAMS 0x0000000721000000| PB 0x0000000721000000| Untracked 
| 238|0x0000000721200000, 0x0000000721200000, 0x0000000721400000|  0%| F|  |TAMS 0x0000000721200000| PB 0x0000000721200000| Untracked 
| 239|0x0000000721400000, 0x0000000721400000, 0x0000000721600000|  0%| F|  |TAMS 0x0000000721400000| PB 0x0000000721400000| Untracked 
| 240|0x0000000721600000, 0x0000000721600000, 0x0000000721800000|  0%| F|  |TAMS 0x0000000721600000| PB 0x0000000721600000| Untracked 
| 241|0x0000000721800000, 0x0000000721800000, 0x0000000721a00000|  0%| F|  |TAMS 0x0000000721800000| PB 0x0000000721800000| Untracked 
| 242|0x0000000721a00000, 0x0000000721a00000, 0x0000000721c00000|  0%| F|  |TAMS 0x0000000721a00000| PB 0x0000000721a00000| Untracked 
| 243|0x0000000721c00000, 0x0000000721c00000, 0x0000000721e00000|  0%| F|  |TAMS 0x0000000721c00000| PB 0x0000000721c00000| Untracked 
| 244|0x0000000721e00000, 0x0000000721e00000, 0x0000000722000000|  0%| F|  |TAMS 0x0000000721e00000| PB 0x0000000721e00000| Untracked 
| 245|0x0000000722000000, 0x0000000722000000, 0x0000000722200000|  0%| F|  |TAMS 0x0000000722000000| PB 0x0000000722000000| Untracked 
| 246|0x0000000722200000, 0x0000000722200000, 0x0000000722400000|  0%| F|  |TAMS 0x0000000722200000| PB 0x0000000722200000| Untracked 
| 247|0x0000000722400000, 0x0000000722400000, 0x0000000722600000|  0%| F|  |TAMS 0x0000000722400000| PB 0x0000000722400000| Untracked 
| 248|0x0000000722600000, 0x0000000722600000, 0x0000000722800000|  0%| F|  |TAMS 0x0000000722600000| PB 0x0000000722600000| Untracked 
| 249|0x0000000722800000, 0x0000000722800000, 0x0000000722a00000|  0%| F|  |TAMS 0x0000000722800000| PB 0x0000000722800000| Untracked 
| 250|0x0000000722a00000, 0x0000000722a00000, 0x0000000722c00000|  0%| F|  |TAMS 0x0000000722a00000| PB 0x0000000722a00000| Untracked 
| 251|0x0000000722c00000, 0x0000000722c00000, 0x0000000722e00000|  0%| F|  |TAMS 0x0000000722c00000| PB 0x0000000722c00000| Untracked 
| 252|0x0000000722e00000, 0x0000000722e00000, 0x0000000723000000|  0%| F|  |TAMS 0x0000000722e00000| PB 0x0000000722e00000| Untracked 
| 253|0x0000000723000000, 0x0000000723000000, 0x0000000723200000|  0%| F|  |TAMS 0x0000000723000000| PB 0x0000000723000000| Untracked 
| 254|0x0000000723200000, 0x0000000723200000, 0x0000000723400000|  0%| F|  |TAMS 0x0000000723200000| PB 0x0000000723200000| Untracked 
| 255|0x0000000723400000, 0x0000000723400000, 0x0000000723600000|  0%| F|  |TAMS 0x0000000723400000| PB 0x0000000723400000| Untracked 
| 256|0x0000000723600000, 0x0000000723600000, 0x0000000723800000|  0%| F|  |TAMS 0x0000000723600000| PB 0x0000000723600000| Untracked 
| 257|0x0000000723800000, 0x0000000723800000, 0x0000000723a00000|  0%| F|  |TAMS 0x0000000723800000| PB 0x0000000723800000| Untracked 
| 258|0x0000000723a00000, 0x0000000723a00000, 0x0000000723c00000|  0%| F|  |TAMS 0x0000000723a00000| PB 0x0000000723a00000| Untracked 
| 259|0x0000000723c00000, 0x0000000723c00000, 0x0000000723e00000|  0%| F|  |TAMS 0x0000000723c00000| PB 0x0000000723c00000| Untracked 
| 260|0x0000000723e00000, 0x0000000723e00000, 0x0000000724000000|  0%| F|  |TAMS 0x0000000723e00000| PB 0x0000000723e00000| Untracked 
| 261|0x0000000724000000, 0x0000000724000000, 0x0000000724200000|  0%| F|  |TAMS 0x0000000724000000| PB 0x0000000724000000| Untracked 
| 262|0x0000000724200000, 0x0000000724200000, 0x0000000724400000|  0%| F|  |TAMS 0x0000000724200000| PB 0x0000000724200000| Untracked 
| 263|0x0000000724400000, 0x0000000724400000, 0x0000000724600000|  0%| F|  |TAMS 0x0000000724400000| PB 0x0000000724400000| Untracked 
| 264|0x0000000724600000, 0x0000000724600000, 0x0000000724800000|  0%| F|  |TAMS 0x0000000724600000| PB 0x0000000724600000| Untracked 
| 265|0x0000000724800000, 0x0000000724800000, 0x0000000724a00000|  0%| F|  |TAMS 0x0000000724800000| PB 0x0000000724800000| Untracked 
| 266|0x0000000724a00000, 0x0000000724a00000, 0x0000000724c00000|  0%| F|  |TAMS 0x0000000724a00000| PB 0x0000000724a00000| Untracked 
| 267|0x0000000724c00000, 0x0000000724c00000, 0x0000000724e00000|  0%| F|  |TAMS 0x0000000724c00000| PB 0x0000000724c00000| Untracked 
| 268|0x0000000724e00000, 0x0000000724e00000, 0x0000000725000000|  0%| F|  |TAMS 0x0000000724e00000| PB 0x0000000724e00000| Untracked 
| 269|0x0000000725000000, 0x0000000725000000, 0x0000000725200000|  0%| F|  |TAMS 0x0000000725000000| PB 0x0000000725000000| Untracked 
| 270|0x0000000725200000, 0x0000000725200000, 0x0000000725400000|  0%| F|  |TAMS 0x0000000725200000| PB 0x0000000725200000| Untracked 
| 271|0x0000000725400000, 0x0000000725400000, 0x0000000725600000|  0%| F|  |TAMS 0x0000000725400000| PB 0x0000000725400000| Untracked 
| 272|0x0000000725600000, 0x0000000725600000, 0x0000000725800000|  0%| F|  |TAMS 0x0000000725600000| PB 0x0000000725600000| Untracked 
| 273|0x0000000725800000, 0x0000000725800000, 0x0000000725a00000|  0%| F|  |TAMS 0x0000000725800000| PB 0x0000000725800000| Untracked 
| 274|0x0000000725a00000, 0x0000000725a00000, 0x0000000725c00000|  0%| F|  |TAMS 0x0000000725a00000| PB 0x0000000725a00000| Untracked 
| 275|0x0000000725c00000, 0x0000000725c00000, 0x0000000725e00000|  0%| F|  |TAMS 0x0000000725c00000| PB 0x0000000725c00000| Untracked 
| 276|0x0000000725e00000, 0x0000000725e00000, 0x0000000726000000|  0%| F|  |TAMS 0x0000000725e00000| PB 0x0000000725e00000| Untracked 
| 277|0x0000000726000000, 0x0000000726000000, 0x0000000726200000|  0%| F|  |TAMS 0x0000000726000000| PB 0x0000000726000000| Untracked 
| 278|0x0000000726200000, 0x0000000726200000, 0x0000000726400000|  0%| F|  |TAMS 0x0000000726200000| PB 0x0000000726200000| Untracked 
| 279|0x0000000726400000, 0x0000000726400000, 0x0000000726600000|  0%| F|  |TAMS 0x0000000726400000| PB 0x0000000726400000| Untracked 
| 280|0x0000000726600000, 0x0000000726600000, 0x0000000726800000|  0%| F|  |TAMS 0x0000000726600000| PB 0x0000000726600000| Untracked 
| 281|0x0000000726800000, 0x0000000726800000, 0x0000000726a00000|  0%| F|  |TAMS 0x0000000726800000| PB 0x0000000726800000| Untracked 
| 282|0x0000000726a00000, 0x0000000726a00000, 0x0000000726c00000|  0%| F|  |TAMS 0x0000000726a00000| PB 0x0000000726a00000| Untracked 
| 283|0x0000000726c00000, 0x0000000726c00000, 0x0000000726e00000|  0%| F|  |TAMS 0x0000000726c00000| PB 0x0000000726c00000| Untracked 
| 284|0x0000000726e00000, 0x0000000726e00000, 0x0000000727000000|  0%| F|  |TAMS 0x0000000726e00000| PB 0x0000000726e00000| Untracked 
| 285|0x0000000727000000, 0x0000000727000000, 0x0000000727200000|  0%| F|  |TAMS 0x0000000727000000| PB 0x0000000727000000| Untracked 
| 286|0x0000000727200000, 0x0000000727200000, 0x0000000727400000|  0%| F|  |TAMS 0x0000000727200000| PB 0x0000000727200000| Untracked 
| 287|0x0000000727400000, 0x0000000727400000, 0x0000000727600000|  0%| F|  |TAMS 0x0000000727400000| PB 0x0000000727400000| Untracked 
| 288|0x0000000727600000, 0x0000000727600000, 0x0000000727800000|  0%| F|  |TAMS 0x0000000727600000| PB 0x0000000727600000| Untracked 
| 289|0x0000000727800000, 0x0000000727800000, 0x0000000727a00000|  0%| F|  |TAMS 0x0000000727800000| PB 0x0000000727800000| Untracked 
| 290|0x0000000727a00000, 0x0000000727a00000, 0x0000000727c00000|  0%| F|  |TAMS 0x0000000727a00000| PB 0x0000000727a00000| Untracked 
| 291|0x0000000727c00000, 0x0000000727c00000, 0x0000000727e00000|  0%| F|  |TAMS 0x0000000727c00000| PB 0x0000000727c00000| Untracked 
| 292|0x0000000727e00000, 0x0000000727e00000, 0x0000000728000000|  0%| F|  |TAMS 0x0000000727e00000| PB 0x0000000727e00000| Untracked 
| 293|0x0000000728000000, 0x0000000728000000, 0x0000000728200000|  0%| F|  |TAMS 0x0000000728000000| PB 0x0000000728000000| Untracked 
| 294|0x0000000728200000, 0x0000000728200000, 0x0000000728400000|  0%| F|  |TAMS 0x0000000728200000| PB 0x0000000728200000| Untracked 
| 295|0x0000000728400000, 0x0000000728400000, 0x0000000728600000|  0%| F|  |TAMS 0x0000000728400000| PB 0x0000000728400000| Untracked 
| 296|0x0000000728600000, 0x0000000728600000, 0x0000000728800000|  0%| F|  |TAMS 0x0000000728600000| PB 0x0000000728600000| Untracked 
| 297|0x0000000728800000, 0x0000000728800000, 0x0000000728a00000|  0%| F|  |TAMS 0x0000000728800000| PB 0x0000000728800000| Untracked 
| 298|0x0000000728a00000, 0x0000000728a00000, 0x0000000728c00000|  0%| F|  |TAMS 0x0000000728a00000| PB 0x0000000728a00000| Untracked 
| 299|0x0000000728c00000, 0x0000000728c00000, 0x0000000728e00000|  0%| F|  |TAMS 0x0000000728c00000| PB 0x0000000728c00000| Untracked 
| 300|0x0000000728e00000, 0x0000000728e00000, 0x0000000729000000|  0%| F|  |TAMS 0x0000000728e00000| PB 0x0000000728e00000| Untracked 
| 301|0x0000000729000000, 0x0000000729000000, 0x0000000729200000|  0%| F|  |TAMS 0x0000000729000000| PB 0x0000000729000000| Untracked 
| 302|0x0000000729200000, 0x0000000729200000, 0x0000000729400000|  0%| F|  |TAMS 0x0000000729200000| PB 0x0000000729200000| Untracked 
| 303|0x0000000729400000, 0x0000000729400000, 0x0000000729600000|  0%| F|  |TAMS 0x0000000729400000| PB 0x0000000729400000| Untracked 
| 304|0x0000000729600000, 0x0000000729600000, 0x0000000729800000|  0%| F|  |TAMS 0x0000000729600000| PB 0x0000000729600000| Untracked 
| 305|0x0000000729800000, 0x0000000729800000, 0x0000000729a00000|  0%| F|  |TAMS 0x0000000729800000| PB 0x0000000729800000| Untracked 
| 306|0x0000000729a00000, 0x0000000729a00000, 0x0000000729c00000|  0%| F|  |TAMS 0x0000000729a00000| PB 0x0000000729a00000| Untracked 
| 307|0x0000000729c00000, 0x0000000729c00000, 0x0000000729e00000|  0%| F|  |TAMS 0x0000000729c00000| PB 0x0000000729c00000| Untracked 
| 308|0x0000000729e00000, 0x0000000729e00000, 0x000000072a000000|  0%| F|  |TAMS 0x0000000729e00000| PB 0x0000000729e00000| Untracked 
| 309|0x000000072a000000, 0x000000072a000000, 0x000000072a200000|  0%| F|  |TAMS 0x000000072a000000| PB 0x000000072a000000| Untracked 
| 310|0x000000072a200000, 0x000000072a200000, 0x000000072a400000|  0%| F|  |TAMS 0x000000072a200000| PB 0x000000072a200000| Untracked 
| 311|0x000000072a400000, 0x000000072a400000, 0x000000072a600000|  0%| F|  |TAMS 0x000000072a400000| PB 0x000000072a400000| Untracked 
| 312|0x000000072a600000, 0x000000072a600000, 0x000000072a800000|  0%| F|  |TAMS 0x000000072a600000| PB 0x000000072a600000| Untracked 
| 313|0x000000072a800000, 0x000000072a800000, 0x000000072aa00000|  0%| F|  |TAMS 0x000000072a800000| PB 0x000000072a800000| Untracked 
| 314|0x000000072aa00000, 0x000000072aa00000, 0x000000072ac00000|  0%| F|  |TAMS 0x000000072aa00000| PB 0x000000072aa00000| Untracked 
| 315|0x000000072ac00000, 0x000000072ac00000, 0x000000072ae00000|  0%| F|  |TAMS 0x000000072ac00000| PB 0x000000072ac00000| Untracked 
| 316|0x000000072ae00000, 0x000000072ae00000, 0x000000072b000000|  0%| F|  |TAMS 0x000000072ae00000| PB 0x000000072ae00000| Untracked 
| 317|0x000000072b000000, 0x000000072b000000, 0x000000072b200000|  0%| F|  |TAMS 0x000000072b000000| PB 0x000000072b000000| Untracked 
| 318|0x000000072b200000, 0x000000072b200000, 0x000000072b400000|  0%| F|  |TAMS 0x000000072b200000| PB 0x000000072b200000| Untracked 
| 319|0x000000072b400000, 0x000000072b400000, 0x000000072b600000|  0%| F|  |TAMS 0x000000072b400000| PB 0x000000072b400000| Untracked 
| 320|0x000000072b600000, 0x000000072b600000, 0x000000072b800000|  0%| F|  |TAMS 0x000000072b600000| PB 0x000000072b600000| Untracked 
| 321|0x000000072b800000, 0x000000072b800000, 0x000000072ba00000|  0%| F|  |TAMS 0x000000072b800000| PB 0x000000072b800000| Untracked 
| 322|0x000000072ba00000, 0x000000072ba00000, 0x000000072bc00000|  0%| F|  |TAMS 0x000000072ba00000| PB 0x000000072ba00000| Untracked 
| 323|0x000000072bc00000, 0x000000072bc00000, 0x000000072be00000|  0%| F|  |TAMS 0x000000072bc00000| PB 0x000000072bc00000| Untracked 
| 324|0x000000072be00000, 0x000000072be00000, 0x000000072c000000|  0%| F|  |TAMS 0x000000072be00000| PB 0x000000072be00000| Untracked 
| 325|0x000000072c000000, 0x000000072c000000, 0x000000072c200000|  0%| F|  |TAMS 0x000000072c000000| PB 0x000000072c000000| Untracked 
| 326|0x000000072c200000, 0x000000072c200000, 0x000000072c400000|  0%| F|  |TAMS 0x000000072c200000| PB 0x000000072c200000| Untracked 
| 327|0x000000072c400000, 0x000000072c400000, 0x000000072c600000|  0%| F|  |TAMS 0x000000072c400000| PB 0x000000072c400000| Untracked 
| 328|0x000000072c600000, 0x000000072c600000, 0x000000072c800000|  0%| F|  |TAMS 0x000000072c600000| PB 0x000000072c600000| Untracked 
| 329|0x000000072c800000, 0x000000072c800000, 0x000000072ca00000|  0%| F|  |TAMS 0x000000072c800000| PB 0x000000072c800000| Untracked 
| 330|0x000000072ca00000, 0x000000072ca00000, 0x000000072cc00000|  0%| F|  |TAMS 0x000000072ca00000| PB 0x000000072ca00000| Untracked 
| 331|0x000000072cc00000, 0x000000072cc00000, 0x000000072ce00000|  0%| F|  |TAMS 0x000000072cc00000| PB 0x000000072cc00000| Untracked 
| 332|0x000000072ce00000, 0x000000072ce00000, 0x000000072d000000|  0%| F|  |TAMS 0x000000072ce00000| PB 0x000000072ce00000| Untracked 
| 333|0x000000072d000000, 0x000000072d000000, 0x000000072d200000|  0%| F|  |TAMS 0x000000072d000000| PB 0x000000072d000000| Untracked 
| 334|0x000000072d200000, 0x000000072d200000, 0x000000072d400000|  0%| F|  |TAMS 0x000000072d200000| PB 0x000000072d200000| Untracked 
| 335|0x000000072d400000, 0x000000072d400000, 0x000000072d600000|  0%| F|  |TAMS 0x000000072d400000| PB 0x000000072d400000| Untracked 
| 336|0x000000072d600000, 0x000000072d600000, 0x000000072d800000|  0%| F|  |TAMS 0x000000072d600000| PB 0x000000072d600000| Untracked 
| 337|0x000000072d800000, 0x000000072d800000, 0x000000072da00000|  0%| F|  |TAMS 0x000000072d800000| PB 0x000000072d800000| Untracked 
| 338|0x000000072da00000, 0x000000072da00000, 0x000000072dc00000|  0%| F|  |TAMS 0x000000072da00000| PB 0x000000072da00000| Untracked 
| 339|0x000000072dc00000, 0x000000072dc00000, 0x000000072de00000|  0%| F|  |TAMS 0x000000072dc00000| PB 0x000000072dc00000| Untracked 
| 340|0x000000072de00000, 0x000000072de00000, 0x000000072e000000|  0%| F|  |TAMS 0x000000072de00000| PB 0x000000072de00000| Untracked 
| 341|0x000000072e000000, 0x000000072e000000, 0x000000072e200000|  0%| F|  |TAMS 0x000000072e000000| PB 0x000000072e000000| Untracked 
| 342|0x000000072e200000, 0x000000072e200000, 0x000000072e400000|  0%| F|  |TAMS 0x000000072e200000| PB 0x000000072e200000| Untracked 
| 343|0x000000072e400000, 0x000000072e400000, 0x000000072e600000|  0%| F|  |TAMS 0x000000072e400000| PB 0x000000072e400000| Untracked 
| 344|0x000000072e600000, 0x000000072e600000, 0x000000072e800000|  0%| F|  |TAMS 0x000000072e600000| PB 0x000000072e600000| Untracked 
| 345|0x000000072e800000, 0x000000072e800000, 0x000000072ea00000|  0%| F|  |TAMS 0x000000072e800000| PB 0x000000072e800000| Untracked 
| 346|0x000000072ea00000, 0x000000072ea00000, 0x000000072ec00000|  0%| F|  |TAMS 0x000000072ea00000| PB 0x000000072ea00000| Untracked 
| 347|0x000000072ec00000, 0x000000072ec00000, 0x000000072ee00000|  0%| F|  |TAMS 0x000000072ec00000| PB 0x000000072ec00000| Untracked 
| 348|0x000000072ee00000, 0x000000072ee00000, 0x000000072f000000|  0%| F|  |TAMS 0x000000072ee00000| PB 0x000000072ee00000| Untracked 
| 349|0x000000072f000000, 0x000000072f000000, 0x000000072f200000|  0%| F|  |TAMS 0x000000072f000000| PB 0x000000072f000000| Untracked 
| 350|0x000000072f200000, 0x000000072f200000, 0x000000072f400000|  0%| F|  |TAMS 0x000000072f200000| PB 0x000000072f200000| Untracked 
| 351|0x000000072f400000, 0x000000072f400000, 0x000000072f600000|  0%| F|  |TAMS 0x000000072f400000| PB 0x000000072f400000| Untracked 
| 352|0x000000072f600000, 0x000000072f600000, 0x000000072f800000|  0%| F|  |TAMS 0x000000072f600000| PB 0x000000072f600000| Untracked 
| 353|0x000000072f800000, 0x000000072f800000, 0x000000072fa00000|  0%| F|  |TAMS 0x000000072f800000| PB 0x000000072f800000| Untracked 
| 354|0x000000072fa00000, 0x000000072fa00000, 0x000000072fc00000|  0%| F|  |TAMS 0x000000072fa00000| PB 0x000000072fa00000| Untracked 
| 355|0x000000072fc00000, 0x000000072fc00000, 0x000000072fe00000|  0%| F|  |TAMS 0x000000072fc00000| PB 0x000000072fc00000| Untracked 
| 356|0x000000072fe00000, 0x000000072fe00000, 0x0000000730000000|  0%| F|  |TAMS 0x000000072fe00000| PB 0x000000072fe00000| Untracked 
| 357|0x0000000730000000, 0x0000000730000000, 0x0000000730200000|  0%| F|  |TAMS 0x0000000730000000| PB 0x0000000730000000| Untracked 
| 358|0x0000000730200000, 0x0000000730200000, 0x0000000730400000|  0%| F|  |TAMS 0x0000000730200000| PB 0x0000000730200000| Untracked 
| 359|0x0000000730400000, 0x0000000730400000, 0x0000000730600000|  0%| F|  |TAMS 0x0000000730400000| PB 0x0000000730400000| Untracked 
| 360|0x0000000730600000, 0x0000000730600000, 0x0000000730800000|  0%| F|  |TAMS 0x0000000730600000| PB 0x0000000730600000| Untracked 
| 361|0x0000000730800000, 0x0000000730800000, 0x0000000730a00000|  0%| F|  |TAMS 0x0000000730800000| PB 0x0000000730800000| Untracked 
| 362|0x0000000730a00000, 0x0000000730a00000, 0x0000000730c00000|  0%| F|  |TAMS 0x0000000730a00000| PB 0x0000000730a00000| Untracked 
| 363|0x0000000730c00000, 0x0000000730c00000, 0x0000000730e00000|  0%| F|  |TAMS 0x0000000730c00000| PB 0x0000000730c00000| Untracked 
| 364|0x0000000730e00000, 0x0000000730e00000, 0x0000000731000000|  0%| F|  |TAMS 0x0000000730e00000| PB 0x0000000730e00000| Untracked 
| 365|0x0000000731000000, 0x0000000731000000, 0x0000000731200000|  0%| F|  |TAMS 0x0000000731000000| PB 0x0000000731000000| Untracked 
| 366|0x0000000731200000, 0x0000000731200000, 0x0000000731400000|  0%| F|  |TAMS 0x0000000731200000| PB 0x0000000731200000| Untracked 
| 367|0x0000000731400000, 0x0000000731400000, 0x0000000731600000|  0%| F|  |TAMS 0x0000000731400000| PB 0x0000000731400000| Untracked 
| 368|0x0000000731600000, 0x0000000731600000, 0x0000000731800000|  0%| F|  |TAMS 0x0000000731600000| PB 0x0000000731600000| Untracked 
| 369|0x0000000731800000, 0x0000000731800000, 0x0000000731a00000|  0%| F|  |TAMS 0x0000000731800000| PB 0x0000000731800000| Untracked 
| 370|0x0000000731a00000, 0x0000000731a00000, 0x0000000731c00000|  0%| F|  |TAMS 0x0000000731a00000| PB 0x0000000731a00000| Untracked 
| 371|0x0000000731c00000, 0x0000000731c00000, 0x0000000731e00000|  0%| F|  |TAMS 0x0000000731c00000| PB 0x0000000731c00000| Untracked 
| 372|0x0000000731e00000, 0x0000000731e00000, 0x0000000732000000|  0%| F|  |TAMS 0x0000000731e00000| PB 0x0000000731e00000| Untracked 
| 373|0x0000000732000000, 0x0000000732000000, 0x0000000732200000|  0%| F|  |TAMS 0x0000000732000000| PB 0x0000000732000000| Untracked 
| 374|0x0000000732200000, 0x0000000732200000, 0x0000000732400000|  0%| F|  |TAMS 0x0000000732200000| PB 0x0000000732200000| Untracked 
| 375|0x0000000732400000, 0x0000000732400000, 0x0000000732600000|  0%| F|  |TAMS 0x0000000732400000| PB 0x0000000732400000| Untracked 
| 376|0x0000000732600000, 0x0000000732600000, 0x0000000732800000|  0%| F|  |TAMS 0x0000000732600000| PB 0x0000000732600000| Untracked 
| 377|0x0000000732800000, 0x0000000732800000, 0x0000000732a00000|  0%| F|  |TAMS 0x0000000732800000| PB 0x0000000732800000| Untracked 
| 378|0x0000000732a00000, 0x0000000732a00000, 0x0000000732c00000|  0%| F|  |TAMS 0x0000000732a00000| PB 0x0000000732a00000| Untracked 
| 379|0x0000000732c00000, 0x0000000732c00000, 0x0000000732e00000|  0%| F|  |TAMS 0x0000000732c00000| PB 0x0000000732c00000| Untracked 
| 380|0x0000000732e00000, 0x0000000732e00000, 0x0000000733000000|  0%| F|  |TAMS 0x0000000732e00000| PB 0x0000000732e00000| Untracked 
| 381|0x0000000733000000, 0x0000000733000000, 0x0000000733200000|  0%| F|  |TAMS 0x0000000733000000| PB 0x0000000733000000| Untracked 
| 382|0x0000000733200000, 0x0000000733200000, 0x0000000733400000|  0%| F|  |TAMS 0x0000000733200000| PB 0x0000000733200000| Untracked 
| 383|0x0000000733400000, 0x0000000733400000, 0x0000000733600000|  0%| F|  |TAMS 0x0000000733400000| PB 0x0000000733400000| Untracked 
| 384|0x0000000733600000, 0x0000000733600000, 0x0000000733800000|  0%| F|  |TAMS 0x0000000733600000| PB 0x0000000733600000| Untracked 
| 385|0x0000000733800000, 0x0000000733800000, 0x0000000733a00000|  0%| F|  |TAMS 0x0000000733800000| PB 0x0000000733800000| Untracked 
| 386|0x0000000733a00000, 0x0000000733a00000, 0x0000000733c00000|  0%| F|  |TAMS 0x0000000733a00000| PB 0x0000000733a00000| Untracked 
| 387|0x0000000733c00000, 0x0000000733c00000, 0x0000000733e00000|  0%| F|  |TAMS 0x0000000733c00000| PB 0x0000000733c00000| Untracked 
| 388|0x0000000733e00000, 0x0000000733e00000, 0x0000000734000000|  0%| F|  |TAMS 0x0000000733e00000| PB 0x0000000733e00000| Untracked 
| 389|0x0000000734000000, 0x0000000734000000, 0x0000000734200000|  0%| F|  |TAMS 0x0000000734000000| PB 0x0000000734000000| Untracked 
| 390|0x0000000734200000, 0x0000000734200000, 0x0000000734400000|  0%| F|  |TAMS 0x0000000734200000| PB 0x0000000734200000| Untracked 
| 391|0x0000000734400000, 0x0000000734400000, 0x0000000734600000|  0%| F|  |TAMS 0x0000000734400000| PB 0x0000000734400000| Untracked 
| 392|0x0000000734600000, 0x0000000734600000, 0x0000000734800000|  0%| F|  |TAMS 0x0000000734600000| PB 0x0000000734600000| Untracked 
| 393|0x0000000734800000, 0x0000000734800000, 0x0000000734a00000|  0%| F|  |TAMS 0x0000000734800000| PB 0x0000000734800000| Untracked 
| 394|0x0000000734a00000, 0x0000000734a00000, 0x0000000734c00000|  0%| F|  |TAMS 0x0000000734a00000| PB 0x0000000734a00000| Untracked 
| 395|0x0000000734c00000, 0x0000000734c00000, 0x0000000734e00000|  0%| F|  |TAMS 0x0000000734c00000| PB 0x0000000734c00000| Untracked 
| 396|0x0000000734e00000, 0x0000000734e00000, 0x0000000735000000|  0%| F|  |TAMS 0x0000000734e00000| PB 0x0000000734e00000| Untracked 
| 397|0x0000000735000000, 0x0000000735000000, 0x0000000735200000|  0%| F|  |TAMS 0x0000000735000000| PB 0x0000000735000000| Untracked 
| 398|0x0000000735200000, 0x0000000735200000, 0x0000000735400000|  0%| F|  |TAMS 0x0000000735200000| PB 0x0000000735200000| Untracked 
| 399|0x0000000735400000, 0x0000000735400000, 0x0000000735600000|  0%| F|  |TAMS 0x0000000735400000| PB 0x0000000735400000| Untracked 
| 400|0x0000000735600000, 0x0000000735600000, 0x0000000735800000|  0%| F|  |TAMS 0x0000000735600000| PB 0x0000000735600000| Untracked 
| 401|0x0000000735800000, 0x0000000735800000, 0x0000000735a00000|  0%| F|  |TAMS 0x0000000735800000| PB 0x0000000735800000| Untracked 
| 402|0x0000000735a00000, 0x0000000735a00000, 0x0000000735c00000|  0%| F|  |TAMS 0x0000000735a00000| PB 0x0000000735a00000| Untracked 
| 403|0x0000000735c00000, 0x0000000735c00000, 0x0000000735e00000|  0%| F|  |TAMS 0x0000000735c00000| PB 0x0000000735c00000| Untracked 
| 404|0x0000000735e00000, 0x0000000735e00000, 0x0000000736000000|  0%| F|  |TAMS 0x0000000735e00000| PB 0x0000000735e00000| Untracked 
| 405|0x0000000736000000, 0x0000000736000000, 0x0000000736200000|  0%| F|  |TAMS 0x0000000736000000| PB 0x0000000736000000| Untracked 
| 406|0x0000000736200000, 0x0000000736200000, 0x0000000736400000|  0%| F|  |TAMS 0x0000000736200000| PB 0x0000000736200000| Untracked 
| 407|0x0000000736400000, 0x0000000736400000, 0x0000000736600000|  0%| F|  |TAMS 0x0000000736400000| PB 0x0000000736400000| Untracked 
| 408|0x0000000736600000, 0x0000000736600000, 0x0000000736800000|  0%| F|  |TAMS 0x0000000736600000| PB 0x0000000736600000| Untracked 
| 409|0x0000000736800000, 0x0000000736800000, 0x0000000736a00000|  0%| F|  |TAMS 0x0000000736800000| PB 0x0000000736800000| Untracked 
| 410|0x0000000736a00000, 0x0000000736a00000, 0x0000000736c00000|  0%| F|  |TAMS 0x0000000736a00000| PB 0x0000000736a00000| Untracked 
| 411|0x0000000736c00000, 0x0000000736c00000, 0x0000000736e00000|  0%| F|  |TAMS 0x0000000736c00000| PB 0x0000000736c00000| Untracked 
| 412|0x0000000736e00000, 0x0000000736e00000, 0x0000000737000000|  0%| F|  |TAMS 0x0000000736e00000| PB 0x0000000736e00000| Untracked 
| 413|0x0000000737000000, 0x0000000737000000, 0x0000000737200000|  0%| F|  |TAMS 0x0000000737000000| PB 0x0000000737000000| Untracked 
| 414|0x0000000737200000, 0x0000000737200000, 0x0000000737400000|  0%| F|  |TAMS 0x0000000737200000| PB 0x0000000737200000| Untracked 
| 415|0x0000000737400000, 0x0000000737400000, 0x0000000737600000|  0%| F|  |TAMS 0x0000000737400000| PB 0x0000000737400000| Untracked 
| 416|0x0000000737600000, 0x0000000737600000, 0x0000000737800000|  0%| F|  |TAMS 0x0000000737600000| PB 0x0000000737600000| Untracked 
| 417|0x0000000737800000, 0x0000000737800000, 0x0000000737a00000|  0%| F|  |TAMS 0x0000000737800000| PB 0x0000000737800000| Untracked 
| 418|0x0000000737a00000, 0x0000000737bae960, 0x0000000737c00000| 84%| S|CS|TAMS 0x0000000737a00000| PB 0x0000000737a00000| Complete 
| 419|0x0000000737c00000, 0x0000000737e00000, 0x0000000737e00000|100%| S|CS|TAMS 0x0000000737c00000| PB 0x0000000737c00000| Complete 
| 420|0x0000000737e00000, 0x0000000738000000, 0x0000000738000000|100%| S|CS|TAMS 0x0000000737e00000| PB 0x0000000737e00000| Complete 
| 421|0x0000000738000000, 0x0000000738000000, 0x0000000738200000|  0%| F|  |TAMS 0x0000000738000000| PB 0x0000000738000000| Untracked 
| 422|0x0000000738200000, 0x0000000738200000, 0x0000000738400000|  0%| F|  |TAMS 0x0000000738200000| PB 0x0000000738200000| Untracked 
| 423|0x0000000738400000, 0x0000000738400000, 0x0000000738600000|  0%| F|  |TAMS 0x0000000738400000| PB 0x0000000738400000| Untracked 

Card table byte_map: [0x00000215f9e60000,0x00000215fa650000] _byte_map_base: 0x00000215f6645000

Marking Bits: (CMBitMap*) 0x00000215f739f1f0
 Bits: [0x00000215fa650000, 0x00000215fe578000)

Polling page: 0x00000215f72a0000

Metaspace:

Usage:
  Non-class:     16.53 MB used.
      Class:      2.08 MB used.
       Both:     18.61 MB used.

Virtual space:
  Non-class space:       64.00 MB reserved,      16.69 MB ( 26%) committed,  1 nodes.
      Class space:        1.00 GB reserved,       2.19 MB ( <1%) committed,  1 nodes.
             Both:        1.06 GB reserved,      18.88 MB (  2%) committed. 

Chunk freelists:
   Non-Class:  15.30 MB
       Class:  13.85 MB
        Both:  29.15 MB

MaxMetaspaceSize: unlimited
CompressedClassSpaceSize: 1.00 GB
Initial GC threshold: 21.00 MB
Current GC threshold: 21.00 MB
CDS: on
 - commit_granule_bytes: 65536.
 - commit_granule_words: 8192.
 - virtual_space_node_default_size: 8388608.
 - enlarge_chunks_in_place: 1.
 - use_allocation_guard: 0.


Internal statistics:

num_allocs_failed_limit: 0.
num_arena_births: 250.
num_arena_deaths: 0.
num_vsnodes_births: 2.
num_vsnodes_deaths: 0.
num_space_committed: 302.
num_space_uncommitted: 0.
num_chunks_returned_to_freelist: 0.
num_chunks_taken_from_freelist: 756.
num_chunk_merges: 0.
num_chunk_splits: 532.
num_chunks_enlarged: 409.
num_inconsistent_stats: 0.

CodeHeap 'non-profiled nmethods': size=120000Kb used=1855Kb max_used=1855Kb free=118144Kb
 bounds [0x000002158feb0000, 0x0000021590120000, 0x00000215973e0000]
CodeHeap 'profiled nmethods': size=120000Kb used=6349Kb max_used=6349Kb free=113650Kb
 bounds [0x00000215883e0000, 0x0000021588a20000, 0x000002158f910000]
CodeHeap 'non-nmethods': size=5760Kb used=1722Kb max_used=1764Kb free=4037Kb
 bounds [0x000002158f910000, 0x000002158fb80000, 0x000002158feb0000]
 total_blobs=3865 nmethods=3255 adapters=513
 compilation: enabled
              stopped_count=0, restarted_count=0
 full_count=0

Compilation events (20 events):
Event: 4.623 Thread 0x00000215ff08e970 nmethod 3249% 0x0000021590079510 code [0x0000021590079820, 0x000002159007b118]
Event: 4.643 Thread 0x00000215ff08e970 3250       4       algoCG.BidLabeling::labelExpand (488 bytes)
Event: 4.711 Thread 0x00000215ff08e970 nmethod 3250 0x000002159007c310 code [0x000002159007c640, 0x000002159007e3c8]
Event: 4.990 Thread 0x00000215ff09c4c0 3251       3       java.util.LinkedList::poll (19 bytes)
Event: 4.990 Thread 0x00000215ff09c4c0 nmethod 3251 0x0000021588a0bb10 code [0x0000021588a0bcc0, 0x0000021588a0be60]
Event: 4.990 Thread 0x00000215ff09c4c0 3252       3       java.util.LinkedList::unlinkFirst (64 bytes)
Event: 4.990 Thread 0x00000215ff09c4c0 nmethod 3252 0x0000021588a0bf10 code [0x0000021588a0c0c0, 0x0000021588a0c378]
Event: 4.996 Thread 0x00000215ff09c4c0 3253       3       algoCG.BidLabeling::logExpand (38 bytes)
Event: 4.996 Thread 0x00000215ff09c4c0 nmethod 3253 0x0000021588a0c490 code [0x0000021588a0c6a0, 0x0000021588a0cd28]
Event: 4.996 Thread 0x00000215ff09c4c0 3254       3       algoCG.BidLabeling::isDepotQueuesEmpty (60 bytes)
Event: 4.997 Thread 0x00000215ff09c4c0 nmethod 3254 0x0000021588a0cf90 code [0x0000021588a0d1a0, 0x0000021588a0d920]
Event: 6.927 Thread 0x00000215ff09c4c0 3255       3       Utils.CommonUtils::currentTimeInSecond (10 bytes)
Event: 6.927 Thread 0x00000215ff09c4c0 nmethod 3255 0x0000021588a0db10 code [0x0000021588a0dce0, 0x0000021588a0de18]
Event: 7.018 Thread 0x00000215ff09c4c0 3256       3       algoCG.BidLabeling::selectTargetDepot (160 bytes)
Event: 7.019 Thread 0x00000215ff09c4c0 nmethod 3256 0x0000021588a0de90 code [0x0000021588a0e120, 0x0000021588a0ef10]
Event: 7.042 Thread 0x00000215ff09c4c0 3257       3       algoCG.BidLabeling::isAllQueuesEmpty (44 bytes)
Event: 7.042 Thread 0x00000215ff09c4c0 nmethod 3257 0x0000021588a0f310 code [0x0000021588a0f520, 0x0000021588a0fad8]
Event: 14.832 Thread 0x00000215ff09c4c0 3258       3       algoCG.BidLabeling::labelExpand (488 bytes)
Event: 14.836 Thread 0x00000215ff09c4c0 nmethod 3258 0x0000021588a0fc90 code [0x0000021588a101e0, 0x0000021588a12a18]
Event: 16.483 Thread 0x00000215ff08e970 3259 %     4       algoCG.BidLabeling::labelExpand @ 69 (488 bytes)

GC Heap History (20 events):
Event: 9.966 GC heap after
{Heap after GC invocations=16 (full 0):
 garbage-first heap   total 731136K, used 177611K [0x0000000703600000, 0x0000000800000000)
  region size 2048K, 17 young (34816K), 17 survivors (34816K)
 Metaspace       used 19058K, committed 19328K, reserved 1114112K
  class space    used 2133K, committed 2240K, reserved 1048576K
}
Event: 10.613 GC heap before
{Heap before GC invocations=16 (full 0):
 garbage-first heap   total 731136K, used 581067K [0x0000000703600000, 0x0000000800000000)
  region size 2048K, 214 young (438272K), 17 survivors (34816K)
 Metaspace       used 19058K, committed 19328K, reserved 1114112K
  class space    used 2133K, committed 2240K, reserved 1048576K
}
Event: 10.636 GC heap after
{Heap after GC invocations=17 (full 0):
 garbage-first heap   total 731136K, used 186045K [0x0000000703600000, 0x0000000800000000)
  region size 2048K, 17 young (34816K), 17 survivors (34816K)
 Metaspace       used 19058K, committed 19328K, reserved 1114112K
  class space    used 2133K, committed 2240K, reserved 1048576K
}
Event: 11.277 GC heap before
{Heap before GC invocations=17 (full 0):
 garbage-first heap   total 731136K, used 589501K [0x0000000703600000, 0x0000000800000000)
  region size 2048K, 214 young (438272K), 17 survivors (34816K)
 Metaspace       used 19058K, committed 19328K, reserved 1114112K
  class space    used 2133K, committed 2240K, reserved 1048576K
}
Event: 11.302 GC heap after
{Heap after GC invocations=18 (full 0):
 garbage-first heap   total 731136K, used 192684K [0x0000000703600000, 0x0000000800000000)
  region size 2048K, 16 young (32768K), 16 survivors (32768K)
 Metaspace       used 19058K, committed 19328K, reserved 1114112K
  class space    used 2133K, committed 2240K, reserved 1048576K
}
Event: 11.955 GC heap before
{Heap before GC invocations=18 (full 0):
 garbage-first heap   total 731136K, used 598188K [0x0000000703600000, 0x0000000800000000)
  region size 2048K, 214 young (438272K), 16 survivors (32768K)
 Metaspace       used 19058K, committed 19328K, reserved 1114112K
  class space    used 2133K, committed 2240K, reserved 1048576K
}
Event: 11.981 GC heap after
{Heap after GC invocations=19 (full 0):
 garbage-first heap   total 868352K, used 200157K [0x0000000703600000, 0x0000000800000000)
  region size 2048K, 16 young (32768K), 16 survivors (32768K)
 Metaspace       used 19058K, committed 19328K, reserved 1114112K
  class space    used 2133K, committed 2240K, reserved 1048576K
}
Event: 12.820 GC heap before
{Heap before GC invocations=19 (full 0):
 garbage-first heap   total 868352K, used 687581K [0x0000000703600000, 0x0000000800000000)
  region size 2048K, 254 young (520192K), 16 survivors (32768K)
 Metaspace       used 19058K, committed 19328K, reserved 1114112K
  class space    used 2133K, committed 2240K, reserved 1048576K
}
Event: 12.843 GC heap after
{Heap after GC invocations=20 (full 0):
 garbage-first heap   total 868352K, used 209373K [0x0000000703600000, 0x0000000800000000)
  region size 2048K, 21 young (43008K), 21 survivors (43008K)
 Metaspace       used 19058K, committed 19328K, reserved 1114112K
  class space    used 2133K, committed 2240K, reserved 1048576K
}
Event: 13.586 GC heap before
{Heap before GC invocations=20 (full 0):
 garbage-first heap   total 868352K, used 686557K [0x0000000703600000, 0x0000000800000000)
  region size 2048K, 254 young (520192K), 21 survivors (43008K)
 Metaspace       used 19058K, committed 19328K, reserved 1114112K
  class space    used 2133K, committed 2240K, reserved 1048576K
}
Event: 13.611 GC heap after
{Heap after GC invocations=21 (full 0):
 garbage-first heap   total 868352K, used 215530K [0x0000000703600000, 0x0000000800000000)
  region size 2048K, 19 young (38912K), 19 survivors (38912K)
 Metaspace       used 19058K, committed 19328K, reserved 1114112K
  class space    used 2133K, committed 2240K, reserved 1048576K
}
Event: 14.379 GC heap before
{Heap before GC invocations=21 (full 0):
 garbage-first heap   total 868352K, used 696810K [0x0000000703600000, 0x0000000800000000)
  region size 2048K, 254 young (520192K), 19 survivors (38912K)
 Metaspace       used 19058K, committed 19328K, reserved 1114112K
  class space    used 2133K, committed 2240K, reserved 1048576K
}
Event: 14.405 GC heap after
{Heap after GC invocations=22 (full 0):
 garbage-first heap   total 868352K, used 225181K [0x0000000703600000, 0x0000000800000000)
  region size 2048K, 20 young (40960K), 20 survivors (40960K)
 Metaspace       used 19058K, committed 19328K, reserved 1114112K
  class space    used 2133K, committed 2240K, reserved 1048576K
}
Event: 15.188 GC heap before
{Heap before GC invocations=22 (full 0):
 garbage-first heap   total 868352K, used 704413K [0x0000000703600000, 0x0000000800000000)
  region size 2048K, 254 young (520192K), 20 survivors (40960K)
 Metaspace       used 19058K, committed 19328K, reserved 1114112K
  class space    used 2133K, committed 2240K, reserved 1048576K
}
Event: 15.216 GC heap after
{Heap after GC invocations=23 (full 0):
 garbage-first heap   total 868352K, used 231997K [0x0000000703600000, 0x0000000800000000)
  region size 2048K, 19 young (38912K), 19 survivors (38912K)
 Metaspace       used 19058K, committed 19328K, reserved 1114112K
  class space    used 2133K, committed 2240K, reserved 1048576K
}
Event: 16.215 GC heap before
{Heap before GC invocations=23 (full 0):
 garbage-first heap   total 868352K, used 713277K [0x0000000703600000, 0x0000000800000000)
  region size 2048K, 254 young (520192K), 19 survivors (38912K)
 Metaspace       used 19058K, committed 19328K, reserved 1114112K
  class space    used 2133K, committed 2240K, reserved 1048576K
}
Event: 16.241 GC heap after
{Heap after GC invocations=24 (full 0):
 garbage-first heap   total 868352K, used 239090K [0x0000000703600000, 0x0000000800000000)
  region size 2048K, 19 young (38912K), 19 survivors (38912K)
 Metaspace       used 19058K, committed 19328K, reserved 1114112K
  class space    used 2133K, committed 2240K, reserved 1048576K
}
Event: 16.991 GC heap before
{Heap before GC invocations=24 (full 0):
 garbage-first heap   total 868352K, used 720370K [0x0000000703600000, 0x0000000800000000)
  region size 2048K, 254 young (520192K), 19 survivors (38912K)
 Metaspace       used 19058K, committed 19328K, reserved 1114112K
  class space    used 2133K, committed 2240K, reserved 1048576K
}
Event: 17.519 GC heap after
{Heap after GC invocations=25 (full 0):
 garbage-first heap   total 868352K, used 246103K [0x0000000703600000, 0x0000000800000000)
  region size 2048K, 18 young (36864K), 18 survivors (36864K)
 Metaspace       used 19058K, committed 19328K, reserved 1114112K
  class space    used 2133K, committed 2240K, reserved 1048576K
}
Event: 17.532 GC heap before
{Heap before GC invocations=25 (full 0):
 garbage-first heap   total 868352K, used 252247K [0x0000000703600000, 0x0000000800000000)
  region size 2048K, 21 young (43008K), 18 survivors (36864K)
 Metaspace       used 19058K, committed 19328K, reserved 1114112K
  class space    used 2133K, committed 2240K, reserved 1048576K
}

Dll operation events (13 events):
Event: 0.018 Loaded shared library D:\Java\jdk-21\bin\java.dll
Event: 0.075 Loaded shared library D:\Java\jdk-21\bin\jsvml.dll
Event: 0.170 Loaded shared library D:\Java\jdk-21\bin\zip.dll
Event: 0.179 Loaded shared library D:\java\jdk-21\bin\instrument.dll
Event: 0.187 Loaded shared library D:\java\jdk-21\bin\net.dll
Event: 0.190 Loaded shared library D:\java\jdk-21\bin\nio.dll
Event: 0.198 Loaded shared library D:\java\jdk-21\bin\zip.dll
Event: 0.266 Loaded shared library D:\java\jdk-21\bin\extnet.dll
Event: 0.343 Loaded shared library D:\java\jdk-21\bin\jimage.dll
Event: 0.913 Loaded shared library D:\java\jdk-21\bin\management.dll
Event: 0.923 Loaded shared library D:\java\jdk-21\bin\management_ext.dll
Event: 3.866 Loaded shared library C:\Users\82475\AppData\Local\Temp\.gurobi\v12.0.3\win64\gurobi120.dll
Event: 3.868 Loaded shared library C:\Users\82475\AppData\Local\Temp\.gurobi\v12.0.3\win64\GurobiJni120.dll

Deoptimization events (20 events):
Event: 3.988 Thread 0x00000215f70b33b0 DEOPT PACKING pc=0x0000021590062ee0 sp=0x000000719beff1f0
Event: 3.988 Thread 0x00000215f70b33b0 DEOPT UNPACKING pc=0x000002158f967da2 sp=0x000000719beff118 mode 2
Event: 3.993 Thread 0x00000215f70b33b0 Uncommon trap: trap_request=0xffffff6e fr.pc=0x0000021590063498 relative=0x0000000000000178
Event: 3.993 Thread 0x00000215f70b33b0 Uncommon trap: reason=loop_limit_check action=maybe_recompile pc=0x0000021590063498 method=java.util.BitSet.recalculateWordsInUse()V @ 8 c2
Event: 3.993 Thread 0x00000215f70b33b0 DEOPT PACKING pc=0x0000021590063498 sp=0x000000719beff180
Event: 3.993 Thread 0x00000215f70b33b0 DEOPT UNPACKING pc=0x000002158f967da2 sp=0x000000719beff118 mode 2
Event: 4.044 Thread 0x00000215f70b33b0 Uncommon trap: trap_request=0xffffff45 fr.pc=0x000002159006d578 relative=0x0000000000001c98
Event: 4.044 Thread 0x00000215f70b33b0 Uncommon trap: reason=unstable_if action=reinterpret pc=0x000002159006d578 method=java.util.BitSet.cardinality()I @ 9 c2
Event: 4.044 Thread 0x00000215f70b33b0 DEOPT PACKING pc=0x000002159006d578 sp=0x000000719beff250
Event: 4.044 Thread 0x00000215f70b33b0 DEOPT UNPACKING pc=0x000002158f967da2 sp=0x000000719beff148 mode 2
Event: 4.643 Thread 0x00000215f70b33b0 DEOPT PACKING pc=0x0000021588a0abac sp=0x000000719beff290
Event: 4.643 Thread 0x00000215f70b33b0 DEOPT UNPACKING pc=0x000002158f9688e2 sp=0x000000719befe7c8 mode 0
Event: 14.829 Thread 0x00000215f70b33b0 Uncommon trap: trap_request=0xffffff45 fr.pc=0x000002159007d8d8 relative=0x0000000000001298
Event: 14.829 Thread 0x00000215f70b33b0 Uncommon trap: reason=unstable_if action=reinterpret pc=0x000002159007d8d8 method=algoCG.BidLabeling.labelExpand(LalgoCG/Label;)V @ 388 c2
Event: 14.829 Thread 0x00000215f70b33b0 DEOPT PACKING pc=0x000002159007d8d8 sp=0x000000719beff2f0
Event: 14.829 Thread 0x00000215f70b33b0 DEOPT UNPACKING pc=0x000002158f967da2 sp=0x000000719beff2d0 mode 2
Event: 14.834 Thread 0x00000215f70b33b0 Uncommon trap: trap_request=0xffffff45 fr.pc=0x000002159007a86c relative=0x000000000000104c
Event: 14.834 Thread 0x00000215f70b33b0 Uncommon trap: reason=unstable_if action=reinterpret pc=0x000002159007a86c method=algoCG.BidLabeling.labelExpand(LalgoCG/Label;)V @ 388 c2
Event: 14.834 Thread 0x00000215f70b33b0 DEOPT PACKING pc=0x000002159007a86c sp=0x000000719beff300
Event: 14.834 Thread 0x00000215f70b33b0 DEOPT UNPACKING pc=0x000002158f967da2 sp=0x000000719beff2d0 mode 2

Classes loaded (20 events):
Event: 2.718 Loading class org/w3c/dom/DOMException
Event: 2.718 Loading class org/w3c/dom/DOMException done
Event: 2.731 Loading class java/util/AbstractList$Itr
Event: 2.731 Loading class java/util/AbstractList$Itr done
Event: 2.851 Loading class java/util/TreeMap$AscendingSubMap
Event: 2.852 Loading class java/util/TreeMap$NavigableSubMap
Event: 2.852 Loading class java/util/TreeMap$NavigableSubMap done
Event: 2.852 Loading class java/util/TreeMap$AscendingSubMap done
Event: 2.852 Loading class java/util/TreeMap$NavigableSubMap$SubMapKeyIterator
Event: 2.853 Loading class java/util/TreeMap$NavigableSubMap$SubMapIterator
Event: 2.853 Loading class java/util/TreeMap$NavigableSubMap$SubMapIterator done
Event: 2.853 Loading class java/util/TreeMap$NavigableSubMap$SubMapKeyIterator done
Event: 3.076 Loading class java/lang/FdLibm$Atan2
Event: 3.076 Loading class java/lang/FdLibm$Atan2 done
Event: 3.076 Loading class java/lang/FdLibm
Event: 3.076 Loading class java/lang/FdLibm done
Event: 3.076 Loading class java/lang/FdLibm$Atan
Event: 3.076 Loading class java/lang/FdLibm$Atan done
Event: 3.920 Loading class java/util/LinkedList$Node
Event: 3.920 Loading class java/util/LinkedList$Node done

Classes unloaded (0 events):
No events

Classes redefined (0 events):
No events

Internal exceptions (20 events):
Event: 1.231 Thread 0x00000215f70b33b0 Exception <a 'java/lang/NoSuchMethodError'{0x0000000713210a60}: 'int java.lang.invoke.DirectMethodHandle$Holder.invokeInterface(java.lang.Object, java.lang.Object)'> (0x0000000713210a60) 
thrown [s\open\src\hotspot\share\interpreter\linkResolver.cpp, line 773]
Event: 1.232 Thread 0x00000215f70b33b0 Exception <a 'java/lang/IncompatibleClassChangeError'{0x0000000713213f20}: Found class java.lang.Object, but interface was expected> (0x0000000713213f20) 
thrown [s\open\src\hotspot\share\interpreter\linkResolver.cpp, line 840]
Event: 1.664 Thread 0x00000215f70b33b0 Exception <a 'java/lang/NoSuchMethodError'{0x0000000712a5db20}: 'long java.lang.invoke.DirectMethodHandle$Holder.invokeVirtual(java.lang.Object, java.lang.Object)'> (0x0000000712a5db20) 
thrown [s\open\src\hotspot\share\interpreter\linkResolver.cpp, line 773]
Event: 1.667 Thread 0x00000215f70b33b0 Exception <a 'java/lang/NoSuchMethodError'{0x0000000712a67450}: 'java.lang.Object java.lang.invoke.Invokers$Holder.invokeExact_MT(java.lang.Object, java.lang.Object, java.lang.Object, java.lang.Object, java.lang.Object, java.lang.Object)'> (0x0000000712a67450) 
thrown [s\open\src\hotspot\share\interpreter\linkResolver.cpp, line 773]
Event: 1.688 Thread 0x00000215f70b33b0 Exception <a 'java/lang/NoSuchMethodError'{0x0000000712b31f28}: 'int java.lang.invoke.DirectMethodHandle$Holder.invokeStaticInit(java.lang.Object, java.lang.Object, java.lang.Object)'> (0x0000000712b31f28) 
thrown [s\open\src\hotspot\share\interpreter\linkResolver.cpp, line 773]
Event: 1.706 Thread 0x00000215f70b33b0 Exception <a 'java/lang/NoSuchMethodError'{0x0000000712b65fe0}: 'void java.lang.invoke.DirectMethodHandle$Holder.invokeVirtual(java.lang.Object, java.lang.Object, java.lang.Object, java.lang.Object)'> (0x0000000712b65fe0) 
thrown [s\open\src\hotspot\share\interpreter\linkResolver.cpp, line 773]
Event: 1.742 Thread 0x00000215f70b33b0 Exception <a 'java/lang/NoSuchMethodError'{0x0000000712b9e178}: 'void java.lang.invoke.DirectMethodHandle$Holder.invokeStatic(java.lang.Object, java.lang.Object, java.lang.Object, int)'> (0x0000000712b9e178) 
thrown [s\open\src\hotspot\share\interpreter\linkResolver.cpp, line 773]
Event: 1.742 Thread 0x00000215f70b33b0 Exception <a 'java/lang/NoSuchMethodError'{0x0000000712ba1658}: 'void java.lang.invoke.DirectMethodHandle$Holder.invokeStaticInit(java.lang.Object, java.lang.Object, java.lang.Object, int)'> (0x0000000712ba1658) 
thrown [s\open\src\hotspot\share\interpreter\linkResolver.cpp, line 773]
Event: 1.795 Thread 0x00000215f70b33b0 Exception <a 'java/lang/NoSuchMethodError'{0x0000000712835258}: 'void java.lang.invoke.DirectMethodHandle$Holder.invokeInterface(java.lang.Object, java.lang.Object, java.lang.Object)'> (0x0000000712835258) 
thrown [s\open\src\hotspot\share\interpreter\linkResolver.cpp, line 773]
Event: 1.917 Thread 0x00000215f70b33b0 Exception <a 'java/lang/NoSuchMethodError'{0x0000000712722b70}: 'java.lang.Object java.lang.invoke.DirectMethodHandle$Holder.invokeStatic(java.lang.Object, java.lang.Object, int, int)'> (0x0000000712722b70) 
thrown [s\open\src\hotspot\share\interpreter\linkResolver.cpp, line 773]
Event: 1.917 Thread 0x00000215f70b33b0 Exception <a 'java/lang/NoSuchMethodError'{0x0000000712726360}: 'java.lang.Object java.lang.invoke.DirectMethodHandle$Holder.invokeStaticInit(java.lang.Object, java.lang.Object, int, int)'> (0x0000000712726360) 
thrown [s\open\src\hotspot\share\interpreter\linkResolver.cpp, line 773]
Event: 2.097 Thread 0x00000215f70b33b0 Implicit null exception at 0x000002158ff35d89 to 0x000002158ff36608
Event: 2.169 Thread 0x00000215f70b33b0 Exception <a 'java/lang/NoSuchMethodError'{0x0000000711e77cb8}: 'java.lang.Object java.lang.invoke.DirectMethodHandle$Holder.newInvokeSpecial(java.lang.Object, java.lang.Object, int, java.lang.Object)'> (0x0000000711e77cb8) 
thrown [s\open\src\hotspot\share\interpreter\linkResolver.cpp, line 773]
Event: 2.170 Thread 0x00000215f70b33b0 Exception <a 'java/lang/NoSuchMethodError'{0x0000000711e7ba68}: 'java.lang.Object java.lang.invoke.DirectMethodHandle$Holder.invokeSpecial(java.lang.Object, java.lang.Object, java.lang.Object, int, java.lang.Object)'> (0x0000000711e7ba68) 
thrown [s\open\src\hotspot\share\interpreter\linkResolver.cpp, line 773]
Event: 2.174 Thread 0x00000215f70b33b0 Exception <a 'java/lang/NoSuchMethodError'{0x0000000711eba1a0}: 'void java.lang.invoke.DirectMethodHandle$Holder.invokeSpecial(java.lang.Object, java.lang.Object, java.lang.Object, java.lang.Object, java.lang.Object)'> (0x0000000711eba1a0) 
thrown [s\open\src\hotspot\share\interpreter\linkResolver.cpp, line 773]
Event: 2.177 Thread 0x00000215f70b33b0 Exception <a 'java/lang/NoSuchMethodError'{0x0000000711ed7ab0}: 'void java.lang.invoke.DirectMethodHandle$Holder.invokeVirtual(java.lang.Object, java.lang.Object)'> (0x0000000711ed7ab0) 
thrown [s\open\src\hotspot\share\interpreter\linkResolver.cpp, line 773]
Event: 2.728 Thread 0x00000215f70b33b0 Exception <a 'java/lang/NoSuchMethodError'{0x000000071033db88}: 'java.lang.Object java.lang.invoke.DirectMethodHandle$Holder.invokeVirtual(java.lang.Object, java.lang.Object, int)'> (0x000000071033db88) 
thrown [s\open\src\hotspot\share\interpreter\linkResolver.cpp, line 773]
Event: 2.729 Thread 0x00000215f70b33b0 Exception <a 'java/lang/NoSuchMethodError'{0x0000000710344690}: 'void java.lang.invoke.DirectMethodHandle$Holder.invokeVirtual(java.lang.Object, java.lang.Object, int, java.lang.Object)'> (0x0000000710344690) 
thrown [s\open\src\hotspot\share\interpreter\linkResolver.cpp, line 773]
Event: 2.730 Thread 0x00000215f70b33b0 Exception <a 'java/lang/NoSuchMethodError'{0x000000071034ddf0}: 'void java.lang.invoke.DirectMethodHandle$Holder.invokeVirtual(java.lang.Object, java.lang.Object, int)'> (0x000000071034ddf0) 
thrown [s\open\src\hotspot\share\interpreter\linkResolver.cpp, line 773]
Event: 2.730 Thread 0x00000215f70b33b0 Exception <a 'java/lang/NoSuchMethodError'{0x0000000710354130}: 'int java.lang.invoke.DirectMethodHandle$Holder.invokeVirtual(java.lang.Object, java.lang.Object)'> (0x0000000710354130) 
thrown [s\open\src\hotspot\share\interpreter\linkResolver.cpp, line 773]

ZGC Phase Switch (0 events):
No events

VM Operations (20 events):
Event: 9.966 Executing VM operation: G1CollectForAllocation (G1 Evacuation Pause) done
Event: 10.613 Executing VM operation: G1CollectForAllocation (G1 Evacuation Pause)
Event: 10.636 Executing VM operation: G1CollectForAllocation (G1 Evacuation Pause) done
Event: 11.277 Executing VM operation: G1CollectForAllocation (G1 Evacuation Pause)
Event: 11.302 Executing VM operation: G1CollectForAllocation (G1 Evacuation Pause) done
Event: 11.955 Executing VM operation: G1CollectForAllocation (G1 Evacuation Pause)
Event: 11.981 Executing VM operation: G1CollectForAllocation (G1 Evacuation Pause) done
Event: 12.820 Executing VM operation: G1CollectForAllocation (G1 Evacuation Pause)
Event: 12.843 Executing VM operation: G1CollectForAllocation (G1 Evacuation Pause) done
Event: 13.586 Executing VM operation: G1CollectForAllocation (G1 Evacuation Pause)
Event: 13.611 Executing VM operation: G1CollectForAllocation (G1 Evacuation Pause) done
Event: 14.379 Executing VM operation: G1CollectForAllocation (G1 Evacuation Pause)
Event: 14.405 Executing VM operation: G1CollectForAllocation (G1 Evacuation Pause) done
Event: 15.188 Executing VM operation: G1CollectForAllocation (G1 Evacuation Pause)
Event: 15.216 Executing VM operation: G1CollectForAllocation (G1 Evacuation Pause) done
Event: 16.215 Executing VM operation: G1CollectForAllocation (G1 Evacuation Pause)
Event: 16.241 Executing VM operation: G1CollectForAllocation (G1 Evacuation Pause) done
Event: 16.991 Executing VM operation: G1CollectForAllocation (G1 Evacuation Pause)
Event: 17.519 Executing VM operation: G1CollectForAllocation (G1 Evacuation Pause) done
Event: 17.532 Executing VM operation: G1CollectForAllocation (G1 Evacuation Pause)

Events (16 events):
Event: 0.041 Thread 0x00000215f70b33b0 Thread added: 0x00000215f70b33b0
Event: 0.071 Thread 0x00000215ff076f80 Thread added: 0x00000215ff076f80
Event: 0.071 Thread 0x00000215ff07a650 Thread added: 0x00000215ff07a650
Event: 0.071 Thread 0x00000215ff07f860 Thread added: 0x00000215ff07f860
Event: 0.072 Thread 0x00000215ff081850 Thread added: 0x00000215ff081850
Event: 0.072 Thread 0x00000215ff0836b0 Thread added: 0x00000215ff0836b0
Event: 0.072 Thread 0x00000215ff08c340 Thread added: 0x00000215ff08c340
Event: 0.072 Thread 0x00000215ff08e970 Thread added: 0x00000215ff08e970
Event: 0.072 Thread 0x00000215ff09c4c0 Thread added: 0x00000215ff09c4c0
Event: 0.184 Thread 0x0000021599714e00 Thread added: 0x0000021599714e00
Event: 0.237 Thread 0x0000021599781600 Thread added: 0x0000021599781600
Event: 0.255 Thread 0x0000021599778f70 Thread added: 0x0000021599778f70
Event: 0.255 Thread 0x000002159975c740 Thread added: 0x000002159975c740
Event: 1.065 Thread 0x00000215df0818d0 Thread added: 0x00000215df0818d0
Event: 4.204 Thread 0x00000215df0818d0 Thread exited: 0x00000215df0818d0
Event: 4.277 Thread 0x0000021599781600 Thread exited: 0x0000021599781600


Dynamic libraries:
0x00007ff793570000 - 0x00007ff793580000 	D:\Java\jdk-21\bin\java.exe
0x00007ffa1a7a0000 - 0x00007ffa1aa07000 	C:\WINDOWS\SYSTEM32\ntdll.dll
0x00007ffa19670000 - 0x00007ffa19739000 	C:\WINDOWS\System32\KERNEL32.DLL
0x00007ffa178f0000 - 0x00007ffa17cdf000 	C:\WINDOWS\System32\KERNELBASE.dll
0x00007ffa17fb0000 - 0x00007ffa180fb000 	C:\WINDOWS\System32\ucrtbase.dll
0x00007ffa13790000 - 0x00007ffa137a9000 	D:\Java\jdk-21\bin\jli.dll
0x00007ffa137b0000 - 0x00007ffa137cb000 	D:\Java\jdk-21\bin\VCRUNTIME140.dll
0x00007ffa18bb0000 - 0x00007ffa18c64000 	C:\WINDOWS\System32\ADVAPI32.dll
0x00007ffa18cc0000 - 0x00007ffa18d69000 	C:\WINDOWS\System32\msvcrt.dll
0x00007ffa1a3c0000 - 0x00007ffa1a466000 	C:\WINDOWS\System32\sechost.dll
0x00007ffa18df0000 - 0x00007ffa18f08000 	C:\WINDOWS\System32\RPCRT4.dll
0x00007ffa18540000 - 0x00007ffa18705000 	C:\WINDOWS\System32\USER32.dll
0x00007ff9f5450000 - 0x00007ff9f56e3000 	C:\WINDOWS\WinSxS\amd64_microsoft.windows.common-controls_6595b64144ccf1df_6.0.26100.7309_none_3e05feeae336a044\COMCTL32.dll
0x00007ffa17f80000 - 0x00007ffa17fa7000 	C:\WINDOWS\System32\win32u.dll
0x00007ffa18710000 - 0x00007ffa1873b000 	C:\WINDOWS\System32\GDI32.dll
0x00007ffa17da0000 - 0x00007ffa17ecc000 	C:\WINDOWS\System32\gdi32full.dll
0x00007ffa17cf0000 - 0x00007ffa17d93000 	C:\WINDOWS\System32\msvcp_win.dll
0x00007ffa00920000 - 0x00007ffa0092b000 	C:\WINDOWS\SYSTEM32\VERSION.dll
0x00007ffa1a4a0000 - 0x00007ffa1a4d1000 	C:\WINDOWS\System32\IMM32.DLL
0x00007ffa122c0000 - 0x00007ffa122cc000 	D:\Java\jdk-21\bin\vcruntime140_1.dll
0x00007ffa060d0000 - 0x00007ffa0615e000 	D:\Java\jdk-21\bin\msvcp140.dll
0x00007ff9a9a70000 - 0x00007ff9aa78d000 	D:\Java\jdk-21\bin\server\jvm.dll
0x00007ffa18d70000 - 0x00007ffa18de4000 	C:\WINDOWS\System32\WS2_32.dll
0x00007ff9f7570000 - 0x00007ff9f75a5000 	C:\WINDOWS\SYSTEM32\WINMM.dll
0x00007ffa17750000 - 0x00007ffa177ae000 	C:\WINDOWS\SYSTEM32\POWRPROF.dll
0x00007ffa17730000 - 0x00007ffa17744000 	C:\WINDOWS\SYSTEM32\UMPDC.dll
0x00007ffa166a0000 - 0x00007ffa166bb000 	C:\WINDOWS\SYSTEM32\kernel.appcore.dll
0x00007ffa122b0000 - 0x00007ffa122ba000 	D:\Java\jdk-21\bin\jimage.dll
0x00007ffa14cc0000 - 0x00007ffa14f02000 	C:\WINDOWS\SYSTEM32\DBGHELP.DLL
0x00007ffa18820000 - 0x00007ffa18ba5000 	C:\WINDOWS\System32\combase.dll
0x00007ffa1a2d0000 - 0x00007ffa1a3a6000 	C:\WINDOWS\System32\OLEAUT32.dll
0x00007ff9faa10000 - 0x00007ff9faa4c000 	C:\WINDOWS\SYSTEM32\dbgcore.DLL
0x00007ffa17ed0000 - 0x00007ffa17f75000 	C:\WINDOWS\System32\bcryptPrimitives.dll
0x00007ffa122a0000 - 0x00007ffa122af000 	D:\Java\jdk-21\bin\instrument.dll
0x00007ffa07450000 - 0x00007ffa0746f000 	D:\Java\jdk-21\bin\java.dll
0x00007ffa18f10000 - 0x00007ffa19663000 	C:\WINDOWS\System32\SHELL32.dll
0x00007ffa18250000 - 0x00007ffa183ba000 	C:\WINDOWS\System32\wintypes.dll
0x00007ffa154c0000 - 0x00007ffa15d1e000 	C:\WINDOWS\SYSTEM32\windows.storage.dll
0x00007ffa19740000 - 0x00007ffa19835000 	C:\WINDOWS\System32\SHCORE.dll
0x00007ffa1a080000 - 0x00007ffa1a0e6000 	C:\WINDOWS\System32\shlwapi.dll
0x00007ffa17810000 - 0x00007ffa17839000 	C:\WINDOWS\SYSTEM32\profapi.dll
0x00007ff9fb8e0000 - 0x00007ff9fb9b7000 	D:\Java\jdk-21\bin\jsvml.dll
0x00007ffa07430000 - 0x00007ffa07448000 	D:\Java\jdk-21\bin\zip.dll
0x00007ffa100a0000 - 0x00007ffa100b0000 	D:\java\jdk-21\bin\net.dll
0x00007ffa0e380000 - 0x00007ffa0e4a8000 	C:\WINDOWS\SYSTEM32\WINHTTP.dll
0x00007ffa16c10000 - 0x00007ffa16c7b000 	C:\WINDOWS\system32\mswsock.dll
0x00007ffa07390000 - 0x00007ffa073a6000 	D:\java\jdk-21\bin\nio.dll
0x00007ffa07100000 - 0x00007ffa07109000 	D:\java\jdk-21\bin\extnet.dll
0x00007ffa070e0000 - 0x00007ffa070ea000 	D:\java\jdk-21\bin\management.dll
0x00007ffa069b0000 - 0x00007ffa069bb000 	D:\java\jdk-21\bin\management_ext.dll
0x00007ffa1a200000 - 0x00007ffa1a208000 	C:\WINDOWS\System32\PSAPI.DLL
0x00007ff9eec10000 - 0x00007ff9eec28000 	C:\WINDOWS\system32\napinsp.dll
0x00007ffa16150000 - 0x00007ffa1627c000 	C:\WINDOWS\SYSTEM32\DNSAPI.dll
0x00007ffa16110000 - 0x00007ffa16144000 	C:\WINDOWS\SYSTEM32\IPHLPAPI.DLL
0x00007ffa1a3b0000 - 0x00007ffa1a3ba000 	C:\WINDOWS\System32\NSI.dll
0x00007ff9eee10000 - 0x00007ff9eee22000 	C:\WINDOWS\System32\winrnr.dll
0x00007ff9eeda0000 - 0x00007ff9eedc2000 	C:\WINDOWS\system32\nlansp_c.dll
0x00007ffa08b10000 - 0x00007ffa08b26000 	C:\WINDOWS\system32\wshbth.dll
0x00007ffa08ae0000 - 0x00007ffa08aeb000 	C:\Windows\System32\rasadhlp.dll
0x00007ffa10890000 - 0x00007ffa10916000 	C:\WINDOWS\System32\fwpuclnt.dll
0x00007ff8dfdf0000 - 0x00007ff8e225e000 	C:\Users\82475\AppData\Local\Temp\.gurobi\v12.0.3\win64\gurobi120.dll
0x00007ffa183c0000 - 0x00007ffa18537000 	C:\WINDOWS\System32\CRYPT32.dll
0x00007ffa187a0000 - 0x00007ffa18814000 	C:\WINDOWS\System32\WLDAP32.dll
0x00007ffa1a0f0000 - 0x00007ffa1a0f8000 	C:\WINDOWS\System32\Normaliz.dll
0x00007ffa177e0000 - 0x00007ffa1780a000 	C:\WINDOWS\SYSTEM32\bcrypt.dll
0x00007ff999eb0000 - 0x00007ff999ee4000 	C:\Users\82475\AppData\Local\Temp\.gurobi\v12.0.3\win64\GurobiJni120.dll
0x00007ffa16940000 - 0x00007ffa16989000 	C:\WINDOWS\SYSTEM32\SspiCli.dll

dbghelp: loaded successfully - version: 4.0.5 - missing functions: none
symbol engine: initialized successfully - sym options: 0x614 - pdb path: .;D:\Java\jdk-21\bin;C:\WINDOWS\SYSTEM32;C:\WINDOWS\WinSxS\amd64_microsoft.windows.common-controls_6595b64144ccf1df_6.0.26100.7309_none_3e05feeae336a044;D:\Java\jdk-21\bin\server;C:\Users\82475\AppData\Local\Temp\.gurobi\v12.0.3\win64

VM Arguments:
jvm_args: -javaagent:D:\IntelliJ IDEA 2025.2.3\lib\idea_rt.jar=37159 -Dfile.encoding=UTF-8 -Dsun.stdout.encoding=UTF-8 -Dsun.stderr.encoding=UTF-8 
java_command: CGTest
java_class_path (initial): D:\part3_java_project\target\test-classes;D:\part3_java_project\target\classes;C:\Users\82475\.m2\repository\org\projectlombok\lombok\1.18.30\lombok-1.18.30.jar;C:\Users\82475\.m2\repository\com\gurobi\gurobi\12.0.3\gurobi-12.0.3.jar;C:\Users\82475\.m2\repository\org\apache\poi\poi-ooxml\5.2.4\poi-ooxml-5.2.4.jar;C:\Users\82475\.m2\repository\org\apache\poi\poi\5.2.4\poi-5.2.4.jar;C:\Users\82475\.m2\repository\commons-codec\commons-codec\1.16.0\commons-codec-1.16.0.jar;C:\Users\82475\.m2\repository\org\apache\commons\commons-math3\3.6.1\commons-math3-3.6.1.jar;C:\Users\82475\.m2\repository\com\zaxxer\SparseBitSet\1.3\SparseBitSet-1.3.jar;C:\Users\82475\.m2\repository\org\apache\poi\poi-ooxml-lite\5.2.4\poi-ooxml-lite-5.2.4.jar;C:\Users\82475\.m2\repository\org\apache\xmlbeans\xmlbeans\5.1.1\xmlbeans-5.1.1.jar;C:\Users\82475\.m2\repository\org\apache\commons\commons-compress\1.24.0\commons-compress-1.24.0.jar;C:\Users\82475\.m2\repository\commons-io\commons-io\2.13.0\commons-io-2.13.0.jar;C:\Users\82475\.m2\repository\com\github\virtuald\curvesapi\1.08\curvesapi-1.08.jar;C:\Users\82475\.m2\repository\org\apache\logging\log4j\log4j-api\2.20.0\log4j-api-2.20.0.jar;C:\Users\82475\.m2\repository\org\apache\commons\commons-collections4\4.4\commons-collections4-4.4.jar;C:\Users\82475\.m2\repository\org\apache\logging\log4j\log4j-core\2.20.0\log4j-core-2.20.0.jar;C:\Users\82475\.m2\repository\com\google\code\gson\gson\2.10.1\gson-2.10.1.jar
Launcher Type: SUN_STANDARD

[Global flags]
     intx CICompilerCount                          = 4                                         {product} {ergonomic}
     uint ConcGCThreads                            = 2                                         {product} {ergonomic}
     uint G1ConcRefinementThreads                  = 8                                         {product} {ergonomic}
   size_t G1HeapRegionSize                         = 2097152                                   {product} {ergonomic}
    uintx GCDrainStackTargetSize                   = 64                                        {product} {ergonomic}
   size_t InitialHeapSize                          = 266338304                                 {product} {ergonomic}
   size_t MarkStackSize                            = 4194304                                   {product} {ergonomic}
   size_t MaxHeapSize                              = 4238344192                                {product} {ergonomic}
   size_t MaxNewSize                               = 2541748224                                {product} {ergonomic}
   size_t MinHeapDeltaBytes                        = 2097152                                   {product} {ergonomic}
   size_t MinHeapSize                              = 8388608                                   {product} {ergonomic}
    uintx NonNMethodCodeHeapSize                   = 5839372                                {pd product} {ergonomic}
    uintx NonProfiledCodeHeapSize                  = 122909434                              {pd product} {ergonomic}
    uintx ProfiledCodeHeapSize                     = 122909434                              {pd product} {ergonomic}
    uintx ReservedCodeCacheSize                    = 251658240                              {pd product} {ergonomic}
     bool SegmentedCodeCache                       = true                                      {product} {ergonomic}
   size_t SoftMaxHeapSize                          = 4238344192                             {manageable} {ergonomic}
     bool UseCompressedOops                        = true                           {product lp64_product} {ergonomic}
     bool UseG1GC                                  = true                                      {product} {ergonomic}
     bool UseLargePagesIndividualAllocation        = false                                  {pd product} {ergonomic}

Logging:
Log output configuration:
 #0: stdout all=warning uptime,level,tags foldmultilines=false
 #1: stderr all=off uptime,level,tags foldmultilines=false

Environment Variables:
JAVA_HOME=D:\java\jdk-25
PATH=C:\Program Files\Common Files\Oracle\Java\javapath;D:\gurobi1203\win64\bin;C:\Program Files (x86)\Common Files\Oracle\Java\java8path;C:\Program Files (x86)\Common Files\Oracle\Java\javapath;C:\Windows\System32\HWAudioDriverLibs;C:\Windows\system32;C:\Windows;C:\Windows\System32\Wbem;C:\Windows\System32\WindowsPowerShell\v1.0\;C:\Windows\System32\OpenSSH\;C:\Users\Administrator\AppData\Local\Microsoft\WindowsApps;C:\WINDOWS\system32;C:\WINDOWS;C:\WINDOWS\System32\Wbem;C:\WINDOWS\System32\WindowsPowerShell\v1.0\;C:\WINDOWS\System32\OpenSSH\;C:\Program Files\Git\cmd;C:\Program Files\Git\bin;%MAVEN_HOME%\bin;D:\apache-maven-3.9.11\bin;D:\java\jdk-25\bin;%JAVA_HOME%\bin;C:\Users\82475\AppData\Local\Programs\Python\Python313\Scripts\;C:\Users\82475\AppData\Local\Programs\Python\Python313\;C:\Users\82475\AppData\Local\Microsoft\WindowsApps;D:\PyCharm 2025.2.0.1\bin;D:\IntelliJ IDEA 2025.2.3\bin;C:\Users\82475\AppData\Local\GitHubDesktop\bin
USERNAME=82475
OS=Windows_NT
PROCESSOR_IDENTIFIER=Intel64 Family 6 Model 140 Stepping 1, GenuineIntel
TMP=C:\Users\82475\AppData\Local\Temp
TEMP=C:\Users\82475\AppData\Local\Temp




Periodic native trim disabled

---------------  S Y S T E M  ---------------

OS:
 Windows 11 , 64 bit Build 26100 (10.0.26100.7309)
OS uptime: 2 days 20:20 hours
Hyper-V role detected

CPU: total 8 (initial active 8) (4 cores per cpu, 2 threads per core) family 6 model 140 stepping 1 microcode 0x86, cx8, cmov, fxsr, ht, mmx, 3dnowpref, sse, sse2, sse3, ssse3, sse4.1, sse4.2, popcnt, lzcnt, tsc, tscinvbit, avx, avx2, aes, erms, clmul, bmi1, bmi2, adx, avx512f, avx512dq, avx512cd, avx512bw, avx512vl, sha, fma, vzeroupper, avx512_vpopcntdq, avx512_vpclmulqdq, avx512_vaes, avx512_vnni, clflush, clflushopt, clwb, avx512_vbmi2, avx512_vbmi, hv, rdtscp, rdpid, fsrm, gfni, avx512_bitalg, f16c, cet_ibt, cet_ss, avx512_ifma
Processor Information for all 8 processors :
  Max Mhz: 1805, Current Mhz: 1103, Mhz Limit: 1101

Memory: 4k page, system-wide physical 16167M (2417M free)
TotalPageFile size 16167M (AvailPageFile size 4M)
current process WorkingSet (physical memory assigned to process): 933M, peak: 933M
current process commit charge ("private bytes"): 987M, peak: 1627M

vm_info: Java HotSpot(TM) 64-Bit Server VM (21.0.9+7-LTS-338) for windows-amd64 JRE (21.0.9+7-LTS-338), built on 2025-09-26T06:33:49Z by "mach5run" with MS VC++ 17.6 (VS2022)

END.
